0,0,0,0,0,0,0,0,0,0,0,0,0,0,0,0,0,0,0,0,0,0,143,9,1.0,1.0,0.0,0.0,0.06,0.06,0.0,255,11,0.04,0.06,0.0,0.0,1.0,1.0,0.0,0.0
0,0,0,0,0,0,0,0,0,0,0,0,0,0,0,0,0,0,0,0,0,0,227,8,1.0,1.0,0.0,0.0,0.04,0.05,0.0,255,8,0.03,0.06,0.0,0.0,1.0,1.0,0.0,0.0
0,0,0,0,0,0,0,0,0,0,0,0,0,0,0,0,0,0,0,0,0,0,101,15,1.0,1.0,0.0,0.0,0.15,0.06,0.0,255,15,0.06,0.05,0.0,0.0,1.0,1.0,0.0,0.0
0,0,0,0,0,0,0,0,0,0,0,0,0,0,0,0,0,0,0,0,0,0,235,1,1.0,1.0,0.0,0.0,0.0,0.06,0.0,255,1,0.0,0.07,0.0,0.0,1.0,1.0,0.0,0.0
0,0,0,0,0,0,0,0,0,0,0,0,0,0,0,0,0,0,0,0,0,0,221,17,1.0,1.0,0.0,0.0,0.08,0.07,0.0,255,17,0.07,0.07,0.0,0.0,1.0,1.0,0.0,0.0
0,0,0,0,0,0,0,0,0,0,0,0,0,0,0,0,0,0,0,0,0,0,128,10,1.0,1.0,0.0,0.0,0.08,0.05,0.0,255,29,0.11,0.05,0.0,0.0,1.0,1.0,0.0,0.0
0,0,0,0,0,0,0,0,0,0,0,0,0,0,0,0,0,0,0,0,0,0,164,7,1.0,1.0,0.0,0.0,0.04,0.06,0.0,255,19,0.07,0.06,0.0,0.0,1.0,1.0,0.0,0.0
0,0,0,0,0,0,0,0,0,0,0,0,0,0,0,0,0,0,0,0,0,0,235,13,1.0,1.0,0.0,0.0,0.06,0.06,0.0,255,12,0.05,0.07,0.0,0.0,1.0,1.0,0.0,0.0
0,0,0,0,1032,0,0,0,0,0,0,0,0,0,0,0,0,0,0,0,0,0,511,511,0.0,0.0,0.0,0.0,1.0,0.0,0.0,255,175,0.69,0.16,0.69,0.0,0.0,0.0,0.0,0.0
0,0,0,0,0,0,0,0,0,0,0,0,0,0,0,0,0,0,0,0,0,0,75,5,1.0,1.0,0.0,0.0,0.07,0.08,0.0,182,5,0.03,0.07,0.01,0.0,1.0,1.0,0.0,0.0
0,0,0,0,0,0,0,0,0,0,0,0,0,0,0,0,0,0,0,0,0,0,255,6,0.0,0.0,1.0,1.0,0.02,0.07,0.0,255,6,0.02,0.07,0.0,0.0,0.0,0.0,1.0,1.0
0,0,0,0,1032,0,0,0,0,0,0,0,0,0,0,0,0,0,0,0,0,0,16,16,0.0,0.0,0.0,0.0,1.0,0.0,0.0,255,16,0.06,0.02,0.06,0.0,0.0,0.0,0.0,0.0
0,0,0,0,0,0,0,0,0,0,0,0,0,0,0,0,0,0,0,0,0,0,226,16,1.0,1.0,0.0,0.0,0.07,0.06,0.0,255,19,0.07,0.07,0.0,0.0,1.0,1.0,0.0,0.0
0,0,0,0,0,0,0,0,0,0,0,0,0,0,0,0,0,0,0,0,0,0,248,19,0.0,0.0,1.0,1.0,0.08,0.06,0.0,255,19,0.07,0.06,0.0,0.0,0.0,0.0,1.0,1.0
0,0,0,0,0,0,0,0,0,0,0,0,0,0,0,0,0,0,0,0,0,0,50,14,1.0,1.0,0.0,0.0,0.28,0.12,0.0,255,14,0.05,0.09,0.0,0.0,1.0,1.0,0.0,0.0
0,0,0,0,0,0,0,0,0,0,0,0,0,0,0,0,0,0,0,0,0,0,202,20,1.0,1.0,0.0,0.0,0.1,0.05,0.0,255,2,0.01,0.08,0.0,0.0,1.0,1.0,0.0,0.0
0,0,0,0,0,0,0,0,0,0,0,0,0,0,0,0,0,0,0,0,0,0,34,15,1.0,1.0,0.0,0.0,0.44,0.06,0.0,255,15,0.06,0.07,0.01,0.0,1.0,1.0,0.0,0.0
0,0,0,0,0,0,0,0,0,0,0,0,0,0,0,0,0,0,0,0,0,0,184,9,1.0,1.0,0.0,0.0,0.05,0.07,0.0,255,19,0.07,0.06,0.0,0.0,1.0,1.0,0.0,0.0
0,0,0,0,0,0,0,0,0,0,0,0,0,0,0,0,0,0,0,0,0,0,136,20,1.0,1.0,0.0,0.0,0.15,0.07,0.0,255,20,0.08,0.07,0.0,0.0,1.0,1.0,0.0,0.0
0,0,0,0,0,0,0,0,0,0,0,0,0,0,0,0,0,0,0,0,0,0,238,20,1.0,0.65,0.0,0.0,0.05,0.07,0.1,255,13,0.05,0.06,0.0,0.0,1.0,1.0,0.0,0.0
0,0,0,0,0,0,0,0,0,0,0,0,0,0,0,0,0,0,0,0,0,0,129,11,1.0,1.0,0.0,0.0,0.09,0.05,0.0,255,30,0.12,0.05,0.0,0.0,1.0,1.0,0.0,0.0
0,0,0,0,0,0,0,0,0,0,0,0,0,0,0,0,0,0,0,0,0,0,102,4,0.0,0.0,1.0,1.0,0.04,0.08,0.0,255,4,0.02,0.08,0.0,0.0,0.0,0.0,1.0,1.0
0,0,0,0,0,0,0,0,0,0,0,0,0,0,0,0,0,0,0,0,0,0,219,16,1.0,1.0,0.0,0.0,0.07,0.07,0.0,255,16,0.06,0.08,0.0,0.0,1.0,1.0,0.0,0.0
0,0,0,0,0,0,0,0,0,0,0,0,0,0,0,0,0,0,0,0,0,0,53,11,0.96,1.0,0.04,0.0,0.21,0.11,0.0,255,38,0.15,0.04,0.0,0.0,1.0,1.0,0.0,0.0
0,0,0,0,0,0,0,0,0,0,0,0,0,0,0,0,0,0,0,0,0,0,170,1,1.0,1.0,0.0,0.0,0.01,0.06,0.0,255,18,0.07,0.06,0.0,0.0,1.0,1.0,0.0,0.0
0,0,0,0,0,0,0,0,0,0,0,0,0,0,0,0,0,0,0,0,0,0,94,11,1.0,1.0,0.0,0.0,0.12,0.07,0.0,255,11,0.04,0.06,0.0,0.0,1.0,1.0,0.0,0.0
0,0,0,0,0,0,0,0,0,0,0,0,0,0,0,0,0,0,0,0,0,0,231,9,1.0,1.0,0.0,0.0,0.04,0.07,0.0,255,14,0.05,0.08,0.0,0.0,1.0,1.0,0.0,0.0
0,0,0,0,0,0,0,0,0,0,0,0,0,0,0,0,0,0,0,0,0,0,271,20,1.0,1.0,0.0,0.0,0.07,0.06,0.0,255,20,0.08,0.09,0.0,0.0,1.0,1.0,0.0,0.0
0,0,0,0,0,0,0,0,0,0,0,0,0,0,0,0,0,0,0,0,0,0,123,13,1.0,1.0,0.0,0.0,0.11,0.07,0.0,255,5,0.02,0.07,0.0,0.0,1.0,1.0,0.0,0.0
0,0,0,0,0,0,0,0,0,0,0,0,0,0,0,0,0,0,0,0,0,0,23,4,1.0,1.0,0.0,0.0,0.17,0.17,0.0,255,41,0.16,0.04,0.01,0.0,1.0,1.0,0.0,0.0
0,0,0,0,0,0,0,0,0,0,0,0,0,0,0,0,0,0,0,0,0,0,282,25,1.0,1.0,0.0,0.0,0.09,0.05,0.0,255,25,0.1,0.05,0.0,0.0,1.0,1.0,0.0,0.0
0,0,0,0,0,0,0,0,0,0,0,0,0,0,0,0,0,0,0,0,0,0,134,5,1.0,1.0,0.0,0.0,0.04,0.06,0.0,137,5,0.04,0.07,0.01,0.0,1.0,1.0,0.0,0.0
0,0,0,0,0,0,0,0,0,0,0,0,0,0,0,0,0,0,0,0,0,0,138,23,1.0,1.0,0.0,0.0,0.17,0.05,0.0,255,23,0.09,0.04,0.0,0.0,1.0,1.0,0.0,0.0
0,0,0,0,0,0,0,0,0,0,0,0,0,0,0,0,0,0,0,0,0,0,187,2,0.0,0.0,1.0,1.0,0.01,0.06,0.0,255,2,0.01,0.08,0.0,0.0,0.0,0.0,1.0,1.0
0,0,0,0,0,0,0,0,0,0,0,0,0,0,0,0,0,0,0,0,0,0,227,1,1.0,1.0,0.0,0.0,0.0,0.06,0.0,255,1,0.0,0.07,0.0,0.0,1.0,1.0,0.0,0.0
0,0,0,0,0,0,0,0,0,0,0,0,0,0,0,0,0,0,0,0,0,0,105,7,0.0,0.0,1.0,1.0,0.07,0.07,0.0,255,13,0.05,0.07,0.0,0.0,0.0,0.0,1.0,1.0
0,0,0,0,0,0,0,0,0,0,0,0,0,0,0,0,0,0,0,0,0,0,118,4,1.0,1.0,0.0,0.0,0.03,0.06,0.0,255,2,0.01,0.06,0.0,0.0,1.0,1.0,0.0,0.0
0,0,0,0,0,0,0,0,0,0,0,0,0,0,0,0,0,0,0,0,0,0,280,16,0.0,0.0,1.0,1.0,0.06,0.06,0.0,255,16,0.06,0.07,0.0,0.0,0.0,0.0,1.0,1.0
0,0,0,0,0,0,0,0,0,0,0,0,0,0,0,0,0,0,0,0,0,0,104,16,0.0,0.0,1.0,1.0,0.15,0.07,0.0,255,3,0.01,0.07,0.0,0.0,0.0,0.0,1.0,1.0
0,0,0,0,0,0,0,0,0,0,0,0,0,0,0,0,0,0,0,0,0,0,120,9,1.0,1.0,0.0,0.0,0.08,0.06,0.0,255,8,0.03,0.09,0.0,0.0,1.0,1.0,0.0,0.0
0,0,0,0,54540,8314,0,0,0,2,0,1,1,0,0,0,0,0,0,0,0,0,3,3,0.0,0.0,0.0,0.0,1.0,0.0,0.0,20,20,1.0,0.0,0.05,0.0,0.0,0.0,0.05,0.05
0,0,0,0,0,0,0,0,0,0,0,0,0,0,0,0,0,0,0,0,0,0,121,20,1.0,1.0,0.0,0.0,0.17,0.07,0.0,255,13,0.05,0.07,0.0,0.0,1.0,1.0,0.0,0.0
0,0,0,0,0,0,0,0,0,0,0,0,0,0,0,0,0,0,0,0,0,0,296,11,1.0,1.0,0.0,0.0,0.04,0.05,0.0,255,11,0.04,0.05,0.0,0.0,1.0,1.0,0.0,0.0
0,0,0,0,0,0,0,0,0,0,0,0,0,0,0,0,0,0,0,0,0,0,108,6,0.0,0.0,1.0,1.0,0.06,0.06,0.0,255,6,0.02,0.07,0.0,0.0,0.0,0.0,1.0,1.0
0,0,0,0,0,0,0,0,0,0,0,0,0,0,0,0,0,0,0,0,0,0,50,12,1.0,1.0,0.0,0.0,0.24,0.08,0.0,255,57,0.22,0.04,0.01,0.0,1.0,1.0,0.0,0.0
0,0,0,0,0,0,0,0,0,0,0,0,0,0,0,0,0,0,0,0,0,0,293,12,1.0,1.0,0.0,0.0,0.04,0.06,0.0,255,5,0.02,0.07,0.0,0.0,1.0,1.0,0.0,0.0
0,0,0,0,0,0,0,0,0,0,0,0,0,0,0,0,0,0,0,0,0,0,289,4,1.0,1.0,0.0,0.0,0.01,0.06,0.0,255,4,0.02,0.06,0.0,0.0,1.0,1.0,0.0,0.0
0,0,0,0,0,0,0,0,0,0,0,0,0,0,0,0,0,0,0,0,0,0,257,5,1.0,1.0,0.0,0.0,0.02,0.07,0.0,255,5,0.02,0.07,0.0,0.0,1.0,1.0,0.0,0.0
0,0,0,0,0,0,0,0,0,0,0,0,0,0,0,0,0,0,0,0,0,0,214,9,1.0,1.0,0.0,0.0,0.04,0.06,0.0,255,9,0.04,0.07,0.0,0.0,1.0,1.0,0.0,0.0
0,0,0,0,0,0,0,0,0,0,0,0,0,0,0,0,0,0,0,0,0,0,135,1,1.0,1.0,0.0,0.0,0.01,0.07,0.0,255,5,0.02,0.06,0.0,0.0,1.0,1.0,0.0,0.0
0,0,0,0,1032,0,0,0,0,0,0,0,0,0,0,0,0,0,0,0,0,0,511,511,0.0,0.0,0.0,0.0,1.0,0.0,0.0,255,232,0.91,0.01,0.91,0.0,0.0,0.0,0.0,0.0
0,0,0,0,28,0,0,3,0,0,0,0,0,0,0,0,0,0,0,0,0,0,17,17,0.0,0.0,0.0,0.0,1.0,0.0,0.0,255,17,0.07,0.02,0.07,0.0,0.0,0.0,0.0,0.0
0,0,0,0,0,0,0,0,0,0,0,0,0,0,0,0,0,0,0,0,0,0,20,19,0.95,1.0,0.05,0.0,0.95,0.1,0.0,255,57,0.22,0.04,0.0,0.0,1.0,1.0,0.0,0.0
0,0,0,0,520,0,0,0,0,0,0,0,0,0,0,0,0,0,0,0,0,0,350,350,0.0,0.0,0.0,0.0,1.0,0.0,0.0,255,255,1.0,0.0,1.0,0.0,0.0,0.0,0.0,0.0
0,0,0,0,0,0,0,0,0,0,0,0,0,0,0,0,0,0,0,0,0,0,270,17,0.0,0.0,1.0,1.0,0.06,0.07,0.0,255,17,0.07,0.07,0.0,0.0,0.0,0.0,1.0,1.0
0,0,0,0,0,0,0,0,0,0,0,0,0,0,0,0,0,0,0,0,0,0,271,6,1.0,1.0,0.0,0.0,0.02,0.05,0.0,255,6,0.02,0.05,0.0,0.0,1.0,1.0,0.0,0.0
0,0,0,0,0,0,0,0,0,0,0,0,0,0,0,0,0,0,0,0,0,0,201,2,1.0,1.0,0.0,0.0,0.01,0.05,0.0,5,2,0.4,0.6,0.2,0.0,0.6,1.0,0.0,0.0
0,0,0,0,0,0,0,0,0,0,0,0,0,0,0,0,0,0,0,0,0,0,223,10,1.0,1.0,0.0,0.0,0.04,0.07,0.0,255,9,0.04,0.05,0.0,0.0,1.0,1.0,0.0,0.0
0,0,0,0,0,0,0,0,0,0,0,0,0,0,0,0,0,0,0,0,0,0,73,19,1.0,1.0,0.0,0.0,0.26,0.08,0.0,255,19,0.07,0.07,0.0,0.0,1.0,1.0,0.0,0.0
0,0,0,0,1032,0,0,0,0,0,0,0,0,0,0,0,0,0,0,0,0,0,511,511,0.0,0.0,0.0,0.0,1.0,0.0,0.0,255,76,0.3,0.04,0.3,0.0,0.12,0.0,0.02,0.0
0,0,0,0,0,0,0,0,0,0,0,0,0,0,0,0,0,0,0,0,0,0,141,6,0.0,0.0,1.0,1.0,0.04,0.06,0.0,255,5,0.02,0.08,0.0,0.0,0.0,0.0,1.0,1.0
0,0,0,0,0,0,0,0,0,0,0,0,0,0,0,0,0,0,0,0,0,0,133,3,0.0,0.0,1.0,1.0,0.02,0.07,0.0,255,1,0.0,0.07,0.0,0.0,0.0,0.0,1.0,1.0
0,0,0,0,0,0,0,0,0,0,0,0,0,0,0,0,0,0,0,0,0,0,138,6,1.0,1.0,0.0,0.0,0.04,0.06,0.0,255,6,0.02,0.07,0.0,0.0,1.0,1.0,0.0,0.0
0,0,0,0,0,0,0,0,0,0,0,0,0,0,0,0,0,0,0,0,0,0,300,6,1.0,1.0,0.0,0.0,0.02,0.06,0.0,255,3,0.01,0.07,0.0,0.0,1.0,1.0,0.0,0.0
0,0,0,0,0,0,0,0,0,0,0,0,0,0,0,0,0,0,0,0,0,0,291,23,1.0,1.0,0.0,0.0,0.08,0.04,0.0,255,23,0.09,0.05,0.0,0.0,1.0,1.0,0.0,0.0
0,0,0,0,0,0,0,0,0,0,0,0,0,0,0,0,0,0,0,0,0,0,194,17,1.0,1.0,0.0,0.0,0.09,0.06,0.0,255,17,0.07,0.05,0.0,0.0,1.0,1.0,0.0,0.0
0,0,0,0,1032,0,0,0,0,0,0,0,0,0,0,0,0,0,0,0,0,0,511,511,0.0,0.0,0.0,0.0,1.0,0.0,0.0,255,161,0.63,0.02,0.63,0.0,0.0,0.0,0.0,0.0
0,0,0,0,0,0,0,0,0,0,0,0,0,0,0,0,0,0,0,0,0,0,141,20,1.0,1.0,0.0,0.0,0.14,0.04,0.0,255,10,0.04,0.06,0.0,0.0,1.0,1.0,0.0,0.0
0,0,0,0,0,0,0,0,0,0,0,0,0,0,0,0,0,0,0,0,0,0,232,8,1.0,1.0,0.0,0.0,0.03,0.07,0.0,255,8,0.03,0.09,0.0,0.0,1.0,1.0,0.0,0.0
0,0,0,0,0,0,0,0,0,0,0,0,0,0,0,0,0,0,0,0,0,0,281,6,1.0,1.0,0.0,0.0,0.02,0.06,0.0,255,6,0.02,0.07,0.0,0.0,1.0,1.0,0.0,0.0
0,0,0,0,0,0,0,0,0,0,0,0,0,0,0,0,0,0,0,0,0,0,236,8,1.0,1.0,0.0,0.0,0.03,0.06,0.0,255,8,0.03,0.07,0.0,0.0,1.0,1.0,0.0,0.0
0,0,0,0,0,0,0,0,0,0,0,0,0,0,0,0,0,0,0,0,0,0,278,1,1.0,1.0,0.0,0.0,0.0,0.06,0.0,255,20,0.08,0.07,0.0,0.0,1.0,1.0,0.0,0.0
0,0,0,0,0,0,0,0,0,0,0,0,0,0,0,0,0,0,0,0,0,0,122,22,1.0,1.0,0.0,0.0,0.18,0.04,0.0,255,22,0.09,0.04,0.0,0.0,1.0,1.0,0.0,0.0
0,0,0,0,0,0,0,0,0,0,0,0,0,0,0,0,0,0,0,0,0,0,106,3,1.0,1.0,0.0,0.0,0.03,0.08,0.0,7,3,0.43,0.43,0.14,0.0,1.0,1.0,0.0,0.0
0,0,0,0,0,0,0,0,0,0,0,0,0,0,0,0,0,0,0,0,0,0,229,12,1.0,1.0,0.0,0.0,0.05,0.06,0.0,255,12,0.05,0.07,0.0,0.0,1.0,1.0,0.0,0.0
0,0,0,0,0,0,0,0,0,0,0,0,0,0,0,0,0,0,0,0,0,0,217,11,1.0,1.0,0.0,0.0,0.05,0.06,0.0,255,5,0.02,0.08,0.0,0.0,1.0,1.0,0.0,0.0
0,0,0,0,1032,0,0,0,0,0,0,0,0,0,0,0,0,0,0,0,0,0,511,511,0.0,0.0,0.0,0.0,1.0,0.0,0.0,255,32,0.13,0.23,0.13,0.0,0.0,0.0,0.0,0.0
0,0,0,0,0,0,0,0,0,0,0,0,0,0,0,0,0,0,0,0,0,0,111,4,0.0,0.0,1.0,1.0,0.04,0.07,0.0,255,4,0.02,0.06,0.0,0.0,0.0,0.0,1.0,1.0
0,0,0,0,0,0,0,0,0,0,0,0,0,0,0,0,0,0,0,0,0,0,146,16,1.0,1.0,0.0,0.0,0.11,0.05,0.0,255,4,0.02,0.07,0.0,0.0,1.0,1.0,0.0,0.0
0,0,0,0,0,0,0,0,0,0,0,0,0,0,0,0,0,0,0,0,0,0,106,1,1.0,1.0,0.0,0.0,0.01,0.08,0.0,255,1,0.0,0.07,0.0,0.0,1.0,1.0,0.0,0.0
0,0,0,0,1032,0,0,0,0,0,0,0,0,0,0,0,0,0,0,0,0,0,511,511,0.0,0.0,0.0,0.0,1.0,0.0,0.0,255,126,0.49,0.02,0.49,0.0,0.02,0.0,0.0,0.0
0,0,0,0,54540,8314,0,0,0,2,0,1,1,0,0,0,0,0,0,0,0,0,2,2,0.0,0.0,0.0,0.0,1.0,0.0,0.0,75,75,1.0,0.0,0.01,0.0,0.0,0.0,0.01,0.01
0,0,0,0,0,0,0,0,0,0,0,0,0,0,0,0,0,0,0,0,0,0,205,15,1.0,1.0,0.0,0.0,0.07,0.06,0.0,255,16,0.06,0.07,0.0,0.0,1.0,1.0,0.0,0.0
0,0,0,0,0,0,0,0,0,0,0,0,0,0,0,0,0,0,0,0,0,0,19,5,1.0,1.0,0.0,0.0,0.26,0.21,0.0,255,64,0.25,0.02,0.02,0.0,1.0,1.0,0.0,0.0
0,0,0,0,0,0,0,0,0,0,0,0,0,0,0,0,0,0,0,0,0,0,215,16,1.0,1.0,0.0,0.0,0.07,0.07,0.0,255,15,0.06,0.07,0.0,0.0,1.0,1.0,0.0,0.0
0,0,0,0,0,0,0,0,0,0,0,0,0,0,0,0,0,0,0,0,0,0,10,5,1.0,1.0,0.0,0.0,0.5,0.3,0.0,255,5,0.02,0.09,0.0,0.0,1.0,1.0,0.0,0.0
0,0,0,0,1032,0,0,0,0,0,0,0,0,0,0,0,0,0,0,0,0,0,510,510,0.0,0.0,0.0,0.0,1.0,0.0,0.0,255,23,0.09,0.18,0.09,0.0,0.0,0.0,0.0,0.0
0,0,0,0,0,0,0,0,0,0,0,0,0,0,0,0,0,0,0,0,0,0,268,9,1.0,1.0,0.0,0.0,0.03,0.06,0.0,255,11,0.04,0.07,0.0,0.0,1.0,1.0,0.0,0.0
0,0,0,0,0,0,0,0,0,0,0,0,0,0,0,0,0,0,0,0,0,0,18,7,1.0,1.0,0.0,0.0,0.39,0.33,0.0,255,7,0.03,0.09,0.0,0.0,1.0,1.0,0.0,0.0
0,0,0,0,0,0,0,0,0,0,0,0,0,0,0,0,0,0,0,0,0,0,226,17,1.0,1.0,0.0,0.0,0.08,0.06,0.0,255,14,0.05,0.06,0.0,0.0,1.0,1.0,0.0,0.0
0,0,0,0,0,0,0,0,0,0,0,0,0,0,0,0,0,0,0,0,0,0,219,11,1.0,1.0,0.0,0.0,0.05,0.06,0.0,255,11,0.04,0.06,0.0,0.0,1.0,1.0,0.0,0.0
0,0,0,0,0,0,0,0,0,0,0,0,0,0,0,0,0,0,0,0,0,0,103,3,1.0,1.0,0.0,0.0,0.03,0.07,0.0,255,3,0.01,0.06,0.0,0.0,1.0,1.0,0.0,0.0
0,0,0,0,0,0,0,0,0,0,0,0,0,0,0,0,0,0,0,0,0,0,232,2,1.0,1.0,0.0,0.0,0.01,0.07,0.0,255,2,0.01,0.06,0.0,0.0,1.0,1.0,0.0,0.0
0,0,0,0,0,0,0,0,0,0,0,0,0,0,0,0,0,0,0,0,0,0,248,20,0.0,0.0,1.0,1.0,0.08,0.06,0.0,255,20,0.08,0.07,0.0,0.0,0.0,0.0,1.0,1.0
0,0,0,0,0,0,0,0,0,0,0,0,0,0,0,0,0,0,0,0,0,0,292,25,1.0,1.0,0.0,0.0,0.09,0.05,0.0,255,25,0.1,0.05,0.0,0.0,1.0,1.0,0.0,0.0
0,0,0,0,0,0,0,0,0,0,0,0,0,0,0,0,0,0,0,0,0,0,121,18,0.0,0.0,1.0,1.0,0.15,0.06,0.0,255,18,0.07,0.05,0.0,0.0,0.0,0.0,1.0,1.0
0,0,0,0,0,0,0,0,0,0,0,0,0,0,0,0,0,0,0,0,0,0,288,17,1.0,1.0,0.0,0.0,0.06,0.06,0.0,255,7,0.03,0.07,0.0,0.0,1.0,1.0,0.0,0.0
0,0,0,0,0,0,0,0,0,0,0,0,0,0,0,0,0,0,0,0,0,0,228,16,0.0,0.0,1.0,1.0,0.07,0.07,0.0,255,16,0.06,0.07,0.0,0.0,0.0,0.0,1.0,1.0
0,0,0,0,0,0,0,0,0,0,0,0,0,0,0,0,0,0,0,0,0,0,237,5,1.0,1.0,0.0,0.0,0.02,0.07,0.0,255,16,0.06,0.08,0.0,0.0,1.0,1.0,0.0,0.0
0,0,0,0,0,0,0,0,0,0,0,0,0,0,0,0,0,0,0,0,0,0,5,3,1.0,1.0,0.0,0.0,0.6,0.6,0.0,255,65,0.25,0.02,0.0,0.0,1.0,1.0,0.0,0.0
0,0,0,0,0,0,0,0,0,0,0,0,0,0,0,0,0,0,0,0,0,0,267,13,0.0,0.0,1.0,1.0,0.05,0.07,0.0,255,13,0.05,0.07,0.0,0.0,0.0,0.0,1.0,1.0
0,0,0,0,0,0,0,0,0,0,0,0,0,0,0,0,0,0,0,0,0,0,231,9,1.0,1.0,0.0,0.0,0.04,0.06,0.0,255,9,0.04,0.06,0.0,0.0,1.0,1.0,0.0,0.0
0,0,0,0,0,0,0,0,0,0,0,0,0,0,0,0,0,0,0,0,0,0,132,24,1.0,1.0,0.0,0.0,0.18,0.05,0.0,255,24,0.09,0.05,0.0,0.0,1.0,1.0,0.0,0.0
0,0,0,0,0,0,0,0,0,0,0,0,0,0,0,0,0,0,0,0,0,0,50,7,1.0,1.0,0.0,0.0,0.14,0.12,0.0,255,7,0.03,0.09,0.0,0.0,1.0,1.0,0.0,0.0
0,0,0,0,1032,0,0,0,0,0,0,0,0,0,0,0,0,0,0,0,0,0,511,511,0.0,0.0,0.0,0.0,1.0,0.0,0.0,255,12,0.05,0.26,0.05,0.0,0.0,0.0,0.0,0.0
0,0,0,0,28,0,0,3,0,0,0,0,0,0,0,0,0,0,0,0,0,0,41,41,0.0,0.0,0.0,0.0,1.0,0.0,0.0,255,8,0.03,0.01,0.03,0.0,0.0,0.0,0.0,0.0
0,0,0,0,0,0,0,0,0,0,0,0,0,0,0,0,0,0,0,0,0,0,95,13,1.0,1.0,0.0,0.0,0.14,0.06,0.0,255,13,0.05,0.06,0.0,0.0,1.0,1.0,0.0,0.0
0,0,0,0,0,0,0,0,0,0,0,0,0,0,0,0,0,0,0,0,0,0,8,4,1.0,1.0,0.0,0.0,0.5,0.38,0.0,255,10,0.04,0.08,0.0,0.0,1.0,1.0,0.0,0.0
0,0,0,0,28,0,0,3,0,0,0,0,0,0,0,0,0,0,0,0,0,0,3,3,0.0,0.0,0.0,0.0,1.0,0.0,0.0,206,3,0.01,0.05,0.01,0.0,0.02,0.0,0.0,0.0
0,0,0,0,0,0,0,0,0,0,0,0,0,0,0,0,0,0,0,0,0,0,229,10,0.0,0.0,1.0,1.0,0.04,0.07,0.0,255,10,0.04,0.07,0.0,0.0,0.0,0.0,1.0,1.0
0,0,0,0,0,0,0,0,0,0,0,0,0,0,0,0,0,0,0,0,0,0,189,1,1.0,1.0,0.0,0.0,0.01,0.06,0.0,255,1,0.0,0.07,0.0,0.0,1.0,1.0,0.0,0.0
0,0,0,0,0,0,0,0,0,0,0,0,0,0,0,0,0,0,0,0,0,0,253,1,1.0,1.0,0.0,0.0,0.0,0.06,0.0,255,5,0.02,0.09,0.0,0.0,1.0,1.0,0.0,0.0
0,0,0,0,0,0,0,0,0,0,0,0,0,0,0,0,0,0,0,0,0,0,261,1,1.0,1.0,0.0,0.0,0.0,0.06,0.0,255,1,0.0,0.07,0.0,0.0,1.0,1.0,0.0,0.0
0,0,0,0,0,0,0,0,0,0,0,0,0,0,0,0,0,0,0,0,0,0,108,19,1.0,1.0,0.0,0.0,0.18,0.07,0.0,255,17,0.07,0.07,0.0,0.0,1.0,1.0,0.0,0.0
0,0,0,0,0,0,0,0,0,0,0,0,0,0,0,0,0,0,0,0,0,0,248,22,1.0,1.0,0.0,0.0,0.09,0.06,0.0,255,22,0.09,0.07,0.0,0.0,1.0,1.0,0.0,0.0
0,0,0,0,0,0,0,0,0,0,0,0,0,0,0,0,0,0,0,0,0,0,202,24,1.0,1.0,0.0,0.0,0.12,0.05,0.0,255,24,0.09,0.06,0.0,0.0,1.0,1.0,0.0,0.0
0,0,0,0,0,0,0,0,0,0,0,0,0,0,0,0,0,0,0,0,0,0,128,3,1.0,1.0,0.0,0.0,0.02,0.06,0.0,255,3,0.01,0.05,0.0,0.0,1.0,1.0,0.0,0.0
0,0,0,0,0,0,0,0,0,0,0,0,0,0,0,0,0,0,0,0,0,0,238,2,1.0,1.0,0.0,0.0,0.01,0.05,0.0,255,2,0.01,0.06,0.0,0.0,1.0,1.0,0.0,0.0
0,0,0,0,0,0,0,0,0,0,0,0,0,0,0,0,0,0,0,0,0,0,255,2,1.0,1.0,0.0,0.0,0.01,0.07,0.0,255,2,0.01,0.08,0.0,0.0,1.0,1.0,0.0,0.0
0,0,0,0,0,0,0,0,0,0,0,0,0,0,0,0,0,0,0,0,0,0,233,10,1.0,1.0,0.0,0.0,0.04,0.05,0.0,255,10,0.04,0.06,0.0,0.0,1.0,1.0,0.0,0.0
0,0,0,0,0,0,0,0,0,0,0,0,0,0,0,0,0,0,0,0,0,0,210,10,1.0,1.0,0.0,0.0,0.05,0.06,0.0,255,16,0.06,0.08,0.0,0.0,1.0,1.0,0.0,0.0
0,0,0,0,0,0,0,0,0,0,0,0,0,0,0,0,0,0,0,0,0,0,115,9,0.0,0.0,1.0,1.0,0.08,0.06,0.0,255,9,0.04,0.07,0.0,0.0,0.0,0.0,1.0,1.0
0,0,0,0,0,0,0,0,0,0,0,0,0,0,0,0,0,0,0,0,0,0,144,14,0.0,0.0,1.0,1.0,0.1,0.06,0.0,255,29,0.11,0.05,0.0,0.0,0.0,0.0,1.0,1.0
0,0,0,0,0,0,0,0,0,0,0,0,0,0,0,0,0,0,0,0,0,0,122,14,1.0,1.0,0.0,0.0,0.11,0.06,0.0,255,14,0.05,0.06,0.0,0.0,1.0,1.0,0.0,0.0
0,0,0,0,0,0,0,0,0,0,0,0,0,0,0,0,0,0,0,0,0,0,193,2,1.0,1.0,0.0,0.0,0.01,0.07,0.0,255,2,0.01,0.07,0.0,0.0,1.0,1.0,0.0,0.0
0,0,0,0,0,0,0,0,0,0,0,0,0,0,0,0,0,0,0,0,0,0,211,19,1.0,1.0,0.0,0.0,0.09,0.05,0.0,255,19,0.07,0.05,0.0,0.0,1.0,1.0,0.0,0.0
0,0,0,0,0,0,0,0,0,0,0,0,0,0,0,0,0,0,0,0,0,0,223,24,1.0,1.0,0.0,0.0,0.11,0.06,0.0,255,24,0.09,0.07,0.0,0.0,1.0,1.0,0.0,0.0
0,0,0,0,0,0,0,0,0,0,0,0,0,0,0,0,0,0,0,0,0,0,254,18,1.0,1.0,0.0,0.0,0.07,0.06,0.0,255,17,0.07,0.06,0.0,0.0,1.0,1.0,0.0,0.0
0,0,0,0,1032,0,0,0,0,0,0,0,0,0,0,0,0,0,0,0,0,0,509,509,0.0,0.0,0.0,0.0,1.0,0.0,0.0,188,43,0.23,0.02,0.23,0.0,0.0,0.0,0.0,0.0
0,0,0,0,0,0,0,0,0,0,0,0,0,0,0,0,0,0,0,0,0,0,114,12,1.0,1.0,0.0,0.0,0.11,0.05,0.0,255,12,0.05,0.04,0.0,0.0,1.0,1.0,0.0,0.0
0,0,0,0,0,0,0,0,0,0,0,0,0,0,0,0,0,0,0,0,0,0,58,15,1.0,1.0,0.0,0.0,0.26,0.07,0.0,255,50,0.2,0.04,0.0,0.0,1.0,1.0,0.0,0.0
0,0,0,0,0,0,0,0,0,0,0,0,0,0,0,0,0,0,0,0,0,0,252,7,1.0,1.0,0.0,0.0,0.03,0.06,0.0,255,7,0.03,0.07,0.0,0.0,1.0,1.0,0.0,0.0
0,0,0,0,0,0,0,0,0,0,0,0,0,0,0,0,0,0,0,0,0,0,291,16,1.0,1.0,0.0,0.0,0.05,0.06,0.0,255,14,0.05,0.08,0.0,0.0,1.0,1.0,0.0,0.0
0,0,0,0,1032,0,0,0,0,0,0,0,0,0,0,0,0,0,0,0,0,0,511,511,0.0,0.0,0.0,0.0,1.0,0.0,0.0,207,62,0.3,0.01,0.3,0.0,0.0,0.0,0.0,0.0
0,0,0,0,0,0,0,0,0,0,0,0,0,0,0,0,0,0,0,0,0,0,135,17,0.0,0.0,1.0,1.0,0.13,0.06,0.0,255,37,0.15,0.07,0.0,0.0,0.0,0.0,1.0,1.0
0,0,0,0,0,0,0,0,0,0,0,0,0,0,0,0,0,0,0,0,0,0,298,5,1.0,1.0,0.0,0.0,0.02,0.06,0.0,255,5,0.02,0.07,0.0,0.0,1.0,1.0,0.0,0.0
0,0,0,0,0,0,0,0,0,0,0,0,0,0,0,0,0,0,0,0,0,0,142,10,1.0,1.0,0.0,0.0,0.07,0.06,0.0,255,1,0.0,0.07,0.0,0.0,1.0,1.0,0.0,0.0
0,0,0,0,0,0,0,0,0,0,0,0,0,0,0,0,0,0,0,0,0,0,98,2,0.98,1.0,0.0,0.0,0.02,0.07,0.0,255,7,0.03,0.06,0.0,0.0,1.0,1.0,0.0,0.0
0,0,0,0,0,0,0,0,0,0,0,0,0,0,0,0,0,0,0,0,0,0,278,4,1.0,1.0,0.0,0.0,0.01,0.06,0.0,255,3,0.01,0.08,0.0,0.0,1.0,1.0,0.0,0.0
0,0,0,0,0,0,0,0,0,0,0,0,0,0,0,0,0,0,0,0,0,0,204,1,1.0,1.0,0.0,0.0,0.0,0.06,0.0,255,20,0.08,0.08,0.0,0.0,1.0,1.0,0.0,0.0
0,0,0,0,1032,0,0,0,0,0,0,0,0,0,0,0,0,0,0,0,0,0,509,509,0.0,0.0,0.0,0.0,1.0,0.0,0.0,255,216,0.85,0.01,0.85,0.0,0.0,0.0,0.0,0.0
0,0,0,0,0,0,0,0,0,0,0,0,0,0,0,0,0,0,0,0,0,0,278,1,1.0,1.0,0.0,0.0,0.0,0.06,0.0,255,15,0.06,0.07,0.0,0.0,1.0,1.0,0.0,0.0
0,0,0,0,0,0,0,0,0,0,0,0,0,0,0,0,0,0,0,0,0,0,49,18,1.0,1.0,0.0,0.0,0.37,0.08,0.0,255,58,0.23,0.02,0.01,0.0,1.0,1.0,0.0,0.0
0,0,0,0,0,0,0,0,0,0,0,0,0,0,0,0,0,0,0,0,0,0,75,13,1.0,1.0,0.0,0.0,0.17,0.07,0.0,255,13,0.05,0.07,0.0,0.0,1.0,1.0,0.0,0.0
0,0,0,0,0,0,0,0,0,0,0,0,0,0,0,0,0,0,0,0,0,0,133,13,1.0,1.0,0.0,0.0,0.1,0.07,0.0,255,33,0.13,0.06,0.0,0.0,1.0,1.0,0.0,0.0
0,0,0,0,54540,8314,0,0,0,2,0,1,1,0,0,0,0,0,0,0,0,0,2,4,0.0,0.0,0.0,0.5,1.0,0.0,0.75,255,255,1.0,0.0,0.0,0.0,0.0,0.0,0.03,0.03
0,0,0,0,0,0,0,0,0,0,0,0,0,0,0,0,0,0,0,0,0,0,246,4,1.0,1.0,0.0,0.0,0.02,0.06,0.0,255,4,0.02,0.06,0.0,0.0,1.0,1.0,0.0,0.0
0,0,0,0,0,0,0,0,0,0,0,0,0,0,0,0,0,0,0,0,0,0,236,13,1.0,1.0,0.0,0.0,0.06,0.07,0.0,255,13,0.05,0.07,0.0,0.0,1.0,1.0,0.0,0.0
0,0,0,0,0,0,0,0,0,0,0,0,0,0,0,0,0,0,0,0,0,0,192,5,1.0,1.0,0.0,0.0,0.03,0.06,0.0,255,15,0.06,0.07,0.0,0.0,1.0,1.0,0.0,0.0
0,0,0,0,0,0,0,0,0,0,0,0,0,0,0,0,0,0,0,0,0,0,288,9,1.0,1.0,0.0,0.0,0.03,0.05,0.0,255,9,0.04,0.05,0.0,0.0,1.0,1.0,0.0,0.0
0,0,0,0,0,0,0,0,0,0,0,0,0,0,0,0,0,0,0,0,0,0,248,7,1.0,1.0,0.0,0.0,0.03,0.06,0.0,255,19,0.07,0.07,0.0,0.0,1.0,1.0,0.0,0.0
0,0,0,0,0,0,0,0,0,0,0,0,0,0,0,0,0,0,0,0,0,0,33,8,1.0,1.0,0.0,0.0,0.24,0.12,0.0,255,28,0.11,0.07,0.01,0.0,1.0,1.0,0.0,0.0
0,0,0,0,0,0,0,0,0,0,0,0,0,0,0,0,0,0,0,0,0,0,266,4,1.0,1.0,0.0,0.0,0.02,0.07,0.0,255,4,0.02,0.07,0.0,0.0,1.0,1.0,0.0,0.0
0,0,0,0,0,0,0,0,0,0,0,0,0,0,0,0,0,0,0,0,0,0,154,9,1.0,1.0,0.0,0.0,0.06,0.08,0.0,255,9,0.04,0.07,0.0,0.0,1.0,1.0,0.0,0.0
0,0,0,0,0,0,0,0,0,0,0,0,0,0,0,0,0,0,0,0,0,0,101,2,1.0,1.0,0.0,0.0,0.02,0.06,0.0,255,15,0.06,0.06,0.0,0.0,1.0,1.0,0.0,0.0
0,0,0,0,0,0,0,0,0,0,0,0,0,0,0,0,0,0,0,0,0,0,144,19,1.0,1.0,0.0,0.0,0.13,0.06,0.0,255,16,0.06,0.08,0.0,0.0,1.0,1.0,0.0,0.0
0,0,0,0,0,0,0,0,0,0,0,0,0,0,0,0,0,0,0,0,0,0,102,9,1.0,1.0,0.0,0.0,0.09,0.07,0.0,255,4,0.02,0.07,0.0,0.0,1.0,1.0,0.0,0.0
0,0,0,0,0,0,0,0,0,0,0,0,0,0,0,0,0,0,0,0,0,0,208,21,1.0,1.0,0.0,0.0,0.1,0.06,0.0,255,21,0.08,0.06,0.0,0.0,1.0,1.0,0.0,0.0
0,0,0,0,0,0,0,0,0,0,0,0,0,0,0,0,0,0,0,0,0,0,97,17,1.0,1.0,0.0,0.0,0.18,0.07,0.0,204,17,0.08,0.07,0.0,0.0,1.0,1.0,0.0,0.0
0,0,0,0,0,0,0,0,0,0,0,0,0,0,0,0,0,0,0,0,0,0,201,7,1.0,1.0,0.0,0.0,0.03,0.07,0.0,255,7,0.03,0.08,0.0,0.0,1.0,1.0,0.0,0.0
0,0,0,0,0,0,0,0,0,0,0,0,0,0,0,0,0,0,0,0,0,0,143,14,1.0,1.0,0.0,0.0,0.1,0.06,0.0,255,10,0.04,0.06,0.0,0.0,1.0,1.0,0.0,0.0
0,0,0,0,0,0,0,0,0,0,0,0,0,0,0,0,0,0,0,0,0,0,238,4,1.0,1.0,0.0,0.0,0.02,0.06,0.0,255,6,0.02,0.08,0.0,0.0,1.0,1.0,0.0,0.0
0,0,0,0,0,0,0,0,0,0,0,0,0,0,0,0,0,0,0,0,0,0,32,5,1.0,1.0,0.0,0.0,0.16,0.12,0.0,255,45,0.18,0.03,0.0,0.0,1.0,1.0,0.0,0.0
0,0,0,0,0,0,0,0,0,0,0,0,0,0,0,0,0,0,0,0,0,0,263,22,1.0,1.0,0.0,0.0,0.08,0.05,0.0,255,22,0.09,0.05,0.0,0.0,1.0,1.0,0.0,0.0
0,0,0,0,0,0,0,0,0,0,0,0,0,0,0,0,0,0,0,0,0,0,24,6,1.0,1.0,0.0,0.0,0.25,0.17,0.0,255,64,0.25,0.02,0.01,0.0,1.0,1.0,0.0,0.0
0,0,0,0,0,0,0,0,0,0,0,0,0,0,0,0,0,0,0,0,0,0,121,15,0.0,0.0,1.0,1.0,0.12,0.07,0.0,255,15,0.06,0.06,0.0,0.0,0.0,0.0,1.0,1.0
0,0,0,0,0,0,0,0,0,0,0,0,0,0,0,0,0,0,0,0,0,0,95,6,1.0,1.0,0.0,0.0,0.06,0.06,0.0,255,29,0.11,0.07,0.0,0.0,1.0,1.0,0.0,0.0
0,0,0,0,0,0,0,0,0,0,0,0,0,0,0,0,0,0,0,0,0,0,233,14,1.0,1.0,0.0,0.0,0.06,0.05,0.0,255,14,0.05,0.06,0.0,0.0,1.0,1.0,0.0,0.0
0,0,0,0,0,0,0,0,0,0,0,0,0,0,0,0,0,0,0,0,0,0,290,8,1.0,1.0,0.0,0.0,0.03,0.06,0.0,255,9,0.04,0.08,0.0,0.0,1.0,1.0,0.0,0.0
0,0,0,0,0,0,0,0,0,0,0,0,0,0,0,0,0,0,0,0,0,0,278,16,1.0,1.0,0.0,0.0,0.06,0.06,0.0,255,15,0.06,0.06,0.0,0.0,1.0,1.0,0.0,0.0
0,0,0,0,0,0,0,0,0,0,0,0,0,0,0,0,0,0,0,0,0,0,132,17,1.0,1.0,0.0,0.0,0.13,0.06,0.0,255,3,0.01,0.06,0.0,0.0,1.0,1.0,0.0,0.0
0,0,0,0,0,0,0,0,0,0,0,0,0,0,0,0,0,0,0,0,0,0,231,23,1.0,1.0,0.0,0.0,0.1,0.05,0.0,255,23,0.09,0.06,0.0,0.0,1.0,1.0,0.0,0.0
0,0,0,0,54540,8314,0,0,0,2,0,1,1,0,0,0,0,0,0,0,0,0,4,4,0.0,0.0,0.0,0.0,1.0,0.0,0.0,179,179,1.0,0.0,0.01,0.0,0.0,0.0,0.06,0.06
0,0,0,0,0,0,0,0,0,0,0,0,0,0,0,0,0,0,0,0,0,0,121,16,1.0,1.0,0.0,0.0,0.13,0.07,0.0,24,16,0.67,0.17,0.04,0.0,1.0,1.0,0.0,0.0
0,0,0,0,0,0,0,0,0,0,0,0,0,0,0,0,0,0,0,0,0,0,259,7,1.0,1.0,0.0,0.0,0.03,0.06,0.0,255,15,0.06,0.07,0.0,0.0,1.0,1.0,0.0,0.0
0,0,0,0,1032,0,0,0,0,0,0,0,0,0,0,0,0,0,0,0,0,0,511,511,0.0,0.0,0.0,0.0,1.0,0.0,0.0,255,118,0.46,0.01,0.46,0.0,0.0,0.0,0.0,0.0
0,0,0,0,0,0,0,0,0,0,0,0,0,0,0,0,0,0,0,0,0,0,243,19,1.0,1.0,0.0,0.0,0.08,0.07,0.0,255,19,0.07,0.07,0.0,0.0,1.0,1.0,0.0,0.0
0,0,0,0,0,0,0,0,0,0,0,0,0,0,0,0,0,0,0,0,0,0,246,3,1.0,1.0,0.0,0.0,0.01,0.06,0.0,255,4,0.02,0.07,0.0,0.0,1.0,1.0,0.0,0.0
0,0,0,0,0,0,0,0,0,0,0,0,0,0,0,0,0,0,0,0,0,0,130,20,1.0,1.0,0.0,0.0,0.15,0.06,0.0,255,20,0.08,0.06,0.0,0.0,1.0,1.0,0.0,0.0
0,0,0,0,0,0,0,0,0,0,0,0,0,0,0,0,0,0,0,0,0,0,150,12,1.0,1.0,0.0,0.0,0.08,0.05,0.0,255,4,0.02,0.07,0.0,0.0,1.0,1.0,0.0,0.0
0,0,0,0,0,0,0,0,0,0,0,0,0,0,0,0,0,0,0,0,0,0,230,12,1.0,1.0,0.0,0.0,0.05,0.07,0.0,255,12,0.05,0.07,0.0,0.0,1.0,1.0,0.0,0.0
0,0,0,0,0,0,0,0,0,0,0,0,0,0,0,0,0,0,0,0,0,0,129,20,0.0,0.0,1.0,1.0,0.16,0.07,0.0,255,20,0.08,0.06,0.0,0.0,0.0,0.0,1.0,1.0
0,0,0,0,0,0,0,0,0,0,0,0,0,0,0,0,0,0,0,0,0,0,4,1,1.0,1.0,0.0,0.0,0.25,0.75,0.0,255,63,0.25,0.02,0.01,0.0,1.0,1.0,0.0,0.0
0,0,0,0,0,0,0,0,0,0,0,0,0,0,0,0,0,0,0,0,0,0,144,17,0.0,0.0,1.0,1.0,0.12,0.06,0.0,255,17,0.07,0.06,0.0,0.0,0.0,0.0,1.0,1.0
0,0,0,0,0,0,0,0,0,0,0,0,0,0,0,0,0,0,0,0,0,0,22,10,1.0,1.0,0.0,0.0,0.45,0.18,0.0,255,10,0.04,0.07,0.0,0.0,1.0,1.0,0.0,0.0
0,0,0,0,0,0,0,0,0,0,0,0,0,0,0,0,0,0,0,0,0,0,110,9,1.0,1.0,0.0,0.0,0.08,0.06,0.0,255,9,0.04,0.06,0.0,0.0,1.0,1.0,0.0,0.0
0,0,0,0,28,0,0,3,0,0,0,0,0,0,0,0,0,0,0,0,0,0,107,7,0.93,0.0,0.0,0.0,0.07,0.07,0.0,255,7,0.03,0.98,0.03,0.0,0.09,0.0,0.89,0.0
0,0,0,0,0,0,0,0,0,0,0,0,0,0,0,0,0,0,0,0,0,0,246,6,1.0,1.0,0.0,0.0,0.02,0.07,0.0,255,6,0.02,0.07,0.0,0.0,1.0,1.0,0.0,0.0
0,0,0,0,0,0,0,0,0,0,0,0,0,0,0,0,0,0,0,0,0,0,201,1,0.0,0.0,1.0,1.0,0.0,0.06,0.0,255,18,0.07,0.07,0.0,0.0,0.0,0.0,1.0,1.0
0,0,0,0,0,0,0,0,0,0,0,0,0,0,0,0,0,0,0,0,0,0,254,1,1.0,1.0,0.0,0.0,0.0,0.07,0.0,255,1,0.0,0.08,0.0,0.0,1.0,1.0,0.0,0.0
0,0,0,0,0,0,0,0,0,0,0,0,0,0,0,0,0,0,0,0,0,0,243,19,1.0,1.0,0.0,0.0,0.08,0.06,0.0,255,10,0.04,0.07,0.0,0.0,1.0,1.0,0.0,0.0
0,0,0,0,0,0,0,0,0,0,0,0,0,0,0,0,0,0,0,0,0,0,10,3,1.0,1.0,0.0,0.0,0.3,0.3,0.0,255,63,0.25,0.02,0.0,0.0,1.0,1.0,0.0,0.0
0,0,0,0,0,0,0,0,0,0,0,0,0,0,0,0,0,0,0,0,0,0,229,25,1.0,1.0,0.0,0.0,0.11,0.05,0.0,255,25,0.1,0.05,0.0,0.0,1.0,1.0,0.0,0.0
0,0,0,0,0,0,0,0,0,0,0,0,0,0,0,0,0,0,0,0,0,0,9,5,1.0,1.0,0.0,0.0,0.56,0.33,0.0,255,5,0.02,0.07,0.0,0.0,1.0,1.0,0.0,0.0
0,0,0,0,0,0,0,0,0,0,0,0,0,0,0,0,0,0,0,0,0,0,199,14,1.0,1.0,0.0,0.0,0.07,0.05,0.0,255,14,0.05,0.05,0.0,0.0,1.0,1.0,0.0,0.0
0,0,0,0,0,0,0,0,0,0,0,0,0,0,0,0,0,0,0,0,0,0,46,10,1.0,1.0,0.0,0.0,0.22,0.09,0.0,128,33,0.25,0.03,0.03,0.06,0.98,0.91,0.0,0.0
0,0,0,0,0,0,0,0,0,0,0,0,0,0,0,0,0,0,0,0,0,0,254,20,0.0,0.0,1.0,1.0,0.08,0.06,0.0,255,20,0.08,0.06,0.0,0.0,0.0,0.0,1.0,1.0
0,0,0,0,0,0,0,0,0,0,0,0,0,0,0,0,0,0,0,0,0,0,80,20,1.0,1.0,0.0,0.0,0.25,0.05,0.0,255,60,0.24,0.03,0.0,0.0,1.0,1.0,0.0,0.0
0,0,0,0,0,0,0,0,0,0,0,0,0,0,0,0,0,0,0,0,0,0,39,18,0.97,1.0,0.03,0.0,0.46,0.08,0.0,255,11,0.04,0.06,0.0,0.0,1.0,1.0,0.0,0.0
0,0,0,0,0,0,0,0,0,0,0,0,0,0,0,0,0,0,0,0,0,0,148,20,0.0,0.0,1.0,1.0,0.14,0.06,0.0,255,20,0.08,0.07,0.0,0.0,0.0,0.0,1.0,1.0
0,0,0,0,0,0,0,0,0,0,0,0,0,0,0,0,0,0,0,0,0,0,160,15,1.0,1.0,0.0,0.0,0.09,0.08,0.0,255,15,0.06,0.06,0.0,0.0,1.0,1.0,0.0,0.0
0,0,0,0,0,0,0,0,0,0,0,0,0,0,0,0,0,0,0,0,0,0,107,7,0.0,0.0,1.0,1.0,0.07,0.06,0.0,255,7,0.03,0.05,0.0,0.0,0.0,0.0,1.0,1.0
0,0,0,0,0,0,0,0,0,0,0,0,0,0,0,0,0,0,0,0,0,0,109,7,0.0,0.0,1.0,1.0,0.06,0.08,0.0,255,7,0.03,0.08,0.0,0.0,0.0,0.0,1.0,1.0
0,0,0,0,0,0,0,0,0,0,0,0,0,0,0,0,0,0,0,0,0,0,245,5,1.0,1.0,0.0,0.0,0.02,0.05,0.0,255,5,0.02,0.06,0.0,0.0,1.0,1.0,0.0,0.0
0,0,0,0,0,0,0,0,0,0,0,0,0,0,0,0,0,0,0,0,0,0,197,2,1.0,1.0,0.0,0.0,0.01,0.07,0.0,255,2,0.01,0.08,0.0,0.0,1.0,1.0,0.0,0.0
0,0,0,0,0,0,0,0,0,0,0,0,0,0,0,0,0,0,0,0,0,0,210,13,1.0,1.0,0.0,0.0,0.06,0.06,0.0,255,17,0.07,0.07,0.0,0.0,1.0,1.0,0.0,0.0
0,0,0,0,0,0,0,0,0,0,0,0,0,0,0,0,0,0,0,0,0,0,274,20,1.0,1.0,0.0,0.0,0.07,0.06,0.0,255,20,0.08,0.06,0.0,0.0,1.0,1.0,0.0,0.0
0,0,0,0,0,0,0,0,0,0,0,0,0,0,0,0,0,0,0,0,0,0,84,5,1.0,1.0,0.0,0.0,0.06,0.07,0.0,255,5,0.02,0.06,0.0,0.0,1.0,1.0,0.0,0.0
0,0,0,0,0,0,0,0,0,0,0,0,0,0,0,0,0,0,0,0,0,0,152,2,1.0,1.0,0.0,0.0,0.01,0.06,0.0,255,19,0.07,0.06,0.0,0.0,1.0,1.0,0.0,0.0
0,0,0,0,1032,0,0,0,0,0,0,0,0,0,0,0,0,0,0,0,0,0,510,510,0.0,0.0,0.0,0.0,1.0,0.0,0.0,255,219,0.86,0.09,0.86,0.0,0.0,0.0,0.0,0.0
0,0,0,0,0,0,0,0,0,0,0,0,0,0,0,0,0,0,0,0,0,0,102,8,1.0,1.0,0.0,0.0,0.08,0.06,0.0,255,7,0.03,0.07,0.0,0.0,1.0,1.0,0.0,0.0
0,0,0,0,0,0,0,0,0,0,0,0,0,0,0,0,0,0,0,0,0,0,281,11,1.0,1.0,0.0,0.0,0.04,0.06,0.0,255,11,0.04,0.08,0.0,0.0,1.0,1.0,0.0,0.0
0,0,0,0,0,0,0,0,0,0,0,0,0,0,0,0,0,0,0,0,0,0,283,17,1.0,1.0,0.0,0.0,0.06,0.06,0.0,255,15,0.06,0.07,0.0,0.0,1.0,1.0,0.0,0.0
0,0,0,0,0,0,0,0,0,0,0,0,0,0,0,0,0,0,0,0,0,0,221,18,1.0,1.0,0.0,0.0,0.08,0.06,0.0,255,3,0.01,0.09,0.0,0.0,1.0,1.0,0.0,0.0
0,0,0,0,0,0,0,0,0,0,0,0,0,0,0,0,0,0,0,0,0,0,128,4,1.0,1.0,0.0,0.0,0.03,0.07,0.0,255,4,0.02,0.06,0.0,0.0,1.0,1.0,0.0,0.0
0,0,0,0,0,0,0,0,0,0,0,0,0,0,0,0,0,0,0,0,0,0,230,8,1.0,1.0,0.0,0.0,0.03,0.06,0.0,255,8,0.03,0.06,0.0,0.0,1.0,1.0,0.0,0.0
0,0,0,0,0,0,0,0,0,0,0,0,0,0,0,0,0,0,0,0,0,0,3,1,1.0,1.0,0.0,0.0,0.33,1.0,0.0,255,41,0.16,0.04,0.01,0.0,1.0,1.0,0.0,0.0
0,0,0,0,0,0,0,0,0,0,0,0,0,0,0,0,0,0,0,0,0,0,256,11,1.0,1.0,0.0,0.0,0.04,0.06,0.0,255,11,0.04,0.06,0.0,0.0,1.0,1.0,0.0,0.0
0,0,0,0,0,0,0,0,0,0,0,0,0,0,0,0,0,0,0,0,0,0,127,6,1.0,1.0,0.0,0.0,0.05,0.06,0.0,255,6,0.02,0.06,0.0,0.0,1.0,1.0,0.0,0.0
0,0,0,0,0,0,0,0,0,0,0,0,0,0,0,0,0,0,0,0,0,0,100,10,0.0,0.0,1.0,1.0,0.1,0.07,0.0,255,10,0.04,0.07,0.0,0.0,0.0,0.0,1.0,1.0
0,0,0,0,0,0,0,0,0,0,0,0,0,0,0,0,0,0,0,0,0,0,123,8,0.0,0.0,1.0,1.0,0.07,0.07,0.0,255,28,0.11,0.06,0.0,0.0,0.0,0.0,1.0,1.0
0,0,0,0,0,0,0,0,0,0,0,0,0,0,0,0,0,0,0,0,0,0,224,6,1.0,1.0,0.0,0.0,0.03,0.06,0.0,255,5,0.02,0.07,0.0,0.0,1.0,1.0,0.0,0.0
0,0,0,0,1032,0,0,0,0,0,0,0,0,0,0,0,0,0,0,0,0,0,511,511,0.0,0.0,0.0,0.0,1.0,0.0,0.0,255,190,0.75,0.15,0.75,0.0,0.0,0.0,0.0,0.0
0,0,0,0,0,0,0,0,0,0,0,0,0,0,0,0,0,0,0,0,0,0,239,20,1.0,1.0,0.0,0.0,0.08,0.06,0.0,255,2,0.01,0.06,0.0,0.0,1.0,1.0,0.0,0.0
0,0,0,0,0,0,0,0,0,0,0,0,0,0,0,0,0,0,0,0,0,0,6,6,1.0,1.0,0.0,0.0,1.0,0.0,0.0,255,57,0.22,0.04,0.0,0.0,1.0,1.0,0.0,0.0
0,0,0,0,0,0,0,0,0,0,0,0,0,0,0,0,0,0,0,0,0,0,126,11,1.0,1.0,0.0,0.0,0.09,0.06,0.0,255,19,0.07,0.07,0.0,0.0,1.0,1.0,0.0,0.0
0,0,0,0,28,0,0,3,0,0,0,0,0,0,0,0,0,0,0,0,0,0,62,62,0.0,0.0,0.0,0.0,1.0,0.0,0.0,255,29,0.11,0.01,0.11,0.0,0.0,0.0,0.0,0.0
0,0,0,0,54540,8314,0,0,0,2,0,1,1,0,0,0,0,0,0,0,0,0,2,2,0.0,0.0,0.0,0.0,1.0,0.0,0.0,252,252,1.0,0.0,0.0,0.0,0.0,0.0,0.02,0.02
0,0,0,0,0,0,0,0,0,0,0,0,0,0,0,0,0,0,0,0,0,0,144,24,1.0,1.0,0.0,0.0,0.17,0.04,0.0,255,24,0.09,0.05,0.0,0.0,1.0,1.0,0.0,0.0
0,0,0,0,0,0,0,0,0,0,0,0,0,0,0,0,0,0,0,0,0,0,119,10,1.0,1.0,0.0,0.0,0.08,0.08,0.0,63,10,0.16,0.13,0.02,0.0,1.0,1.0,0.0,0.0
0,0,0,0,0,0,0,0,0,0,0,0,0,0,0,0,0,0,0,0,0,0,292,14,1.0,1.0,0.0,0.0,0.05,0.06,0.0,255,11,0.04,0.06,0.0,0.0,1.0,1.0,0.0,0.0
0,0,0,0,520,0,0,0,0,0,0,0,0,0,0,0,0,0,0,0,0,0,480,480,0.0,0.0,0.0,0.0,1.0,0.0,0.0,118,118,1.0,0.0,1.0,0.0,0.0,0.0,0.0,0.0
0,0,0,0,0,0,0,0,0,0,0,0,0,0,0,0,0,0,0,0,0,0,241,19,1.0,1.0,0.0,0.0,0.08,0.05,0.0,255,19,0.07,0.06,0.0,0.0,1.0,1.0,0.0,0.0
0,0,0,0,0,0,0,0,0,0,0,0,0,0,0,0,0,0,0,0,0,0,296,18,1.0,1.0,0.0,0.0,0.06,0.06,0.0,255,18,0.07,0.07,0.0,0.0,1.0,1.0,0.0,0.0
0,0,0,0,0,0,0,0,0,0,0,0,0,0,0,0,0,0,0,0,0,0,96,11,1.0,1.0,0.0,0.0,0.11,0.06,0.0,255,11,0.04,0.06,0.0,0.0,1.0,1.0,0.0,0.0
0,0,0,0,0,0,0,0,0,0,0,0,0,0,0,0,0,0,0,0,0,0,131,1,1.0,1.0,0.0,0.0,0.01,0.08,0.0,255,1,0.0,0.07,0.0,0.0,1.0,1.0,0.0,0.0
0,0,0,0,0,0,0,0,0,0,0,0,0,0,0,0,0,0,0,0,0,0,148,25,1.0,1.0,0.0,0.0,0.17,0.04,0.0,255,25,0.1,0.04,0.0,0.0,1.0,1.0,0.0,0.0
0,0,0,0,0,0,0,0,0,0,0,0,0,0,0,0,0,0,0,0,0,0,14,5,1.0,1.0,0.0,0.0,0.36,0.29,0.0,255,6,0.02,0.08,0.0,0.0,1.0,1.0,0.0,0.0
0,0,0,0,0,0,0,0,0,0,0,0,0,0,0,0,0,0,0,0,0,0,148,19,0.0,0.0,1.0,1.0,0.13,0.05,0.0,255,2,0.01,0.07,0.0,0.0,0.0,0.0,1.0,1.0
0,0,0,0,0,0,0,0,0,0,0,0,0,0,0,0,0,0,0,0,0,0,173,2,1.0,1.0,0.0,0.0,0.01,0.07,0.0,255,16,0.06,0.07,0.0,0.0,1.0,1.0,0.0,0.0
0,0,0,0,0,0,0,0,0,0,0,0,0,0,0,0,0,0,0,0,0,0,141,16,1.0,1.0,0.0,0.0,0.11,0.06,0.0,255,2,0.01,0.07,0.0,0.0,1.0,1.0,0.0,0.0
0,0,0,0,0,0,0,0,0,0,0,0,0,0,0,0,0,0,0,0,0,0,295,2,1.0,1.0,0.0,0.0,0.01,0.06,0.0,255,1,0.0,0.07,0.0,0.0,1.0,1.0,0.0,0.0
0,0,0,0,0,0,0,0,0,0,0,0,0,0,0,0,0,0,0,0,0,0,140,1,1.0,1.0,0.0,0.0,0.01,0.06,0.0,255,1,0.0,0.06,0.0,0.0,1.0,1.0,0.0,0.0
0,0,0,0,1032,0,0,0,0,0,0,0,0,0,0,0,0,0,0,0,0,0,220,220,0.0,0.0,0.0,0.0,1.0,0.0,0.0,217,123,0.57,0.03,0.57,0.0,0.01,0.0,0.29,0.0
0,0,0,0,0,0,0,0,0,0,0,0,0,0,0,0,0,0,0,0,0,0,52,10,1.0,1.0,0.0,0.0,0.19,0.08,0.0,255,53,0.21,0.04,0.01,0.0,1.0,1.0,0.0,0.0
0,0,0,0,0,0,0,0,0,0,0,0,0,0,0,0,0,0,0,0,0,0,259,10,0.0,0.0,1.0,1.0,0.04,0.07,0.0,255,10,0.04,0.07,0.0,0.0,0.0,0.0,1.0,1.0
0,0,0,0,0,0,0,0,0,0,0,0,0,0,0,0,0,0,0,0,0,0,9,9,1.0,1.0,0.0,0.0,1.0,0.0,0.0,255,9,0.04,0.07,0.0,0.0,1.0,1.0,0.0,0.0
0,0,0,0,0,0,0,0,0,0,0,0,0,0,0,0,0,0,0,0,0,0,145,19,1.0,1.0,0.0,0.0,0.13,0.06,0.0,255,10,0.04,0.07,0.0,0.0,1.0,1.0,0.0,0.0
0,0,0,0,0,0,0,0,0,0,0,0,0,0,0,0,0,0,0,0,0,0,199,20,1.0,1.0,0.0,0.0,0.1,0.07,0.0,255,20,0.08,0.06,0.0,0.0,1.0,1.0,0.0,0.0
0,0,0,0,54540,8314,0,0,0,2,0,1,1,0,0,0,0,0,0,0,0,0,1,1,0.0,0.0,0.0,0.0,1.0,0.0,0.0,169,169,1.0,0.0,0.01,0.0,0.0,0.0,0.01,0.01
0,0,0,0,0,0,0,0,0,0,0,0,0,0,0,0,0,0,0,0,0,0,289,20,1.0,1.0,0.0,0.0,0.07,0.05,0.0,255,1,0.0,0.08,0.0,0.0,1.0,1.0,0.0,0.0
0,0,0,0,0,0,0,0,0,0,0,0,0,0,0,0,0,0,0,0,0,0,282,25,1.0,1.0,0.0,0.0,0.09,0.05,0.0,255,25,0.1,0.07,0.0,0.0,1.0,1.0,0.0,0.0
0,0,0,0,0,0,0,0,0,0,0,0,0,0,0,0,0,0,0,0,0,0,139,16,1.0,1.0,0.0,0.0,0.12,0.06,0.0,255,16,0.06,0.06,0.0,0.0,1.0,1.0,0.0,0.0
0,0,0,0,0,0,0,0,0,0,0,0,0,0,0,0,0,0,0,0,0,0,118,16,0.0,0.0,1.0,1.0,0.14,0.06,0.0,19,10,0.53,0.11,0.05,0.0,0.0,0.0,1.0,1.0
0,0,0,0,0,0,0,0,0,0,0,0,0,0,0,0,0,0,0,0,0,0,264,15,1.0,1.0,0.0,0.0,0.06,0.06,0.0,255,15,0.06,0.07,0.0,0.0,1.0,1.0,0.0,0.0
0,0,0,0,0,0,0,0,0,0,0,0,0,0,0,0,0,0,0,0,0,0,9,2,1.0,1.0,0.0,0.0,0.22,0.33,0.0,255,2,0.01,0.07,0.0,0.0,1.0,1.0,0.0,0.0
0,0,0,0,0,0,0,0,0,0,0,0,0,0,0,0,0,0,0,0,0,0,101,16,1.0,1.0,0.0,0.0,0.16,0.07,0.0,255,16,0.06,0.06,0.0,0.0,1.0,1.0,0.0,0.0
0,0,0,0,0,0,0,0,0,0,0,0,0,0,0,0,0,0,0,0,0,0,27,14,1.0,1.0,0.0,0.0,0.52,0.07,0.0,255,72,0.28,0.02,0.01,0.0,1.0,1.0,0.0,0.0
0,0,0,0,0,0,0,0,0,0,0,0,0,0,0,0,0,0,0,0,0,0,195,10,0.0,0.0,1.0,1.0,0.05,0.07,0.0,255,10,0.04,0.07,0.0,0.0,0.0,0.0,1.0,1.0
0,0,0,0,0,0,0,0,0,0,0,0,0,0,0,0,0,0,0,0,0,0,141,6,1.0,1.0,0.0,0.0,0.04,0.06,0.0,255,6,0.02,0.06,0.0,0.0,1.0,1.0,0.0,0.0
0,0,0,0,0,0,0,0,0,0,0,0,0,0,0,0,0,0,0,0,0,0,229,10,1.0,1.0,0.0,0.0,0.04,0.05,0.0,255,10,0.04,0.06,0.0,0.0,1.0,1.0,0.0,0.0
0,0,0,0,0,0,0,0,0,0,0,0,0,0,0,0,0,0,0,0,0,0,99,8,1.0,1.0,0.0,0.0,0.08,0.08,0.0,255,5,0.02,0.07,0.0,0.0,1.0,1.0,0.0,0.0
0,0,0,0,0,0,0,0,0,0,0,0,0,0,0,0,0,0,0,0,0,0,100,13,1.0,1.0,0.0,0.0,0.13,0.06,0.0,255,19,0.07,0.07,0.0,0.0,1.0,1.0,0.0,0.0
0,0,0,0,0,0,0,0,0,0,0,0,0,0,0,0,0,0,0,0,0,0,5,2,1.0,1.0,0.0,0.0,0.4,0.6,0.0,255,62,0.24,0.02,0.0,0.0,1.0,1.0,0.0,0.0
0,0,0,0,0,0,0,0,0,0,0,0,0,0,0,0,0,0,0,0,0,0,231,15,1.0,1.0,0.0,0.0,0.06,0.06,0.0,255,21,0.08,0.07,0.0,0.0,1.0,1.0,0.0,0.0
0,0,0,0,0,0,0,0,0,0,0,0,0,0,0,0,0,0,0,0,0,0,222,17,1.0,1.0,0.0,0.0,0.08,0.06,0.0,255,17,0.07,0.08,0.0,0.0,1.0,1.0,0.0,0.0
0,0,0,0,1032,0,0,0,0,0,0,0,0,0,0,0,0,0,0,0,0,0,511,511,0.0,0.0,0.0,0.0,1.0,0.0,0.0,255,115,0.45,0.18,0.45,0.0,0.0,0.0,0.0,0.0
0,0,0,0,54540,8314,0,0,0,2,0,1,1,0,0,0,0,0,0,0,0,0,3,3,0.0,0.0,0.0,0.0,1.0,0.0,0.0,183,183,1.0,0.0,0.01,0.0,0.0,0.0,0.01,0.01
0,0,0,0,0,0,0,0,0,0,0,0,0,0,0,0,0,0,0,0,0,0,236,2,1.0,1.0,0.0,0.0,0.01,0.06,0.0,255,10,0.04,0.07,0.0,0.0,1.0,1.0,0.0,0.0
0,0,0,0,0,0,0,0,0,0,0,0,0,0,0,0,0,0,0,0,0,0,249,17,1.0,1.0,0.0,0.0,0.07,0.05,0.0,255,17,0.07,0.05,0.0,0.0,1.0,1.0,0.0,0.0
0,0,0,0,0,0,0,0,0,0,0,0,0,0,0,0,0,0,0,0,0,0,232,1,1.0,1.0,0.0,0.0,0.0,0.06,0.0,255,2,0.01,0.07,0.0,0.0,1.0,1.0,0.0,0.0
0,0,0,0,0,0,0,0,0,0,0,0,0,0,0,0,0,0,0,0,0,0,198,7,1.0,1.0,0.0,0.0,0.04,0.06,0.0,255,7,0.03,0.06,0.0,0.0,1.0,1.0,0.0,0.0
0,0,0,0,0,0,0,0,0,0,0,0,0,0,0,0,0,0,0,0,0,0,179,11,1.0,1.0,0.0,0.0,0.06,0.07,0.0,255,11,0.04,0.08,0.0,0.0,1.0,1.0,0.0,0.0
0,0,0,0,0,0,0,0,0,0,0,0,0,0,0,0,0,0,0,0,0,0,232,20,0.0,0.0,1.0,1.0,0.09,0.07,0.0,255,20,0.08,0.08,0.0,0.0,0.0,0.0,1.0,1.0
0,0,0,0,0,0,0,0,0,0,0,0,0,0,0,0,0,0,0,0,0,0,215,7,1.0,1.0,0.0,0.0,0.03,0.07,0.0,255,7,0.03,0.06,0.0,0.0,1.0,1.0,0.0,0.0
0,0,0,0,0,0,0,0,0,0,0,0,0,0,0,0,0,0,0,0,0,0,208,2,1.0,1.0,0.0,0.0,0.01,0.08,0.0,255,2,0.01,0.09,0.0,0.0,1.0,1.0,0.0,0.0
0,0,0,0,0,0,0,0,0,0,0,0,0,0,0,0,0,0,0,0,0,0,183,7,1.0,1.0,0.0,0.0,0.04,0.07,0.0,255,19,0.07,0.08,0.0,0.0,1.0,1.0,0.0,0.0
0,0,0,0,0,0,0,0,0,0,0,0,0,0,0,0,0,0,0,0,0,0,50,15,1.0,1.0,0.0,0.0,0.3,0.12,0.0,255,15,0.06,0.09,0.0,0.0,1.0,1.0,0.0,0.0
0,0,0,0,0,0,0,0,0,0,0,0,0,0,0,0,0,0,0,0,0,0,237,12,1.0,1.0,0.0,0.0,0.05,0.06,0.0,255,12,0.05,0.07,0.0,0.0,1.0,1.0,0.0,0.0
0,0,0,0,0,0,0,0,0,0,0,0,0,0,0,0,0,0,0,0,0,0,137,2,0.0,0.0,1.0,1.0,0.01,0.07,0.0,255,1,0.0,0.07,0.0,0.0,0.0,0.0,1.0,1.0
0,0,0,0,0,0,0,0,0,0,0,0,0,0,0,0,0,0,0,0,0,0,104,9,1.0,1.0,0.0,0.0,0.09,0.05,0.0,255,9,0.04,0.05,0.0,0.0,1.0,1.0,0.0,0.0
0,0,0,0,0,0,0,0,0,0,0,0,0,0,0,0,0,0,0,0,0,0,236,6,1.0,1.0,0.0,0.0,0.03,0.06,0.0,255,15,0.06,0.08,0.0,0.0,1.0,1.0,0.0,0.0
0,0,0,0,0,0,0,0,0,0,0,0,0,0,0,0,0,0,0,0,0,0,252,3,1.0,1.0,0.0,0.0,0.01,0.06,0.0,255,3,0.01,0.07,0.0,0.0,1.0,1.0,0.0,0.0
0,0,0,0,0,0,0,0,0,0,0,0,0,0,0,0,0,0,0,0,0,0,124,5,1.0,1.0,0.0,0.0,0.04,0.06,0.0,255,3,0.01,0.08,0.0,0.0,1.0,1.0,0.0,0.0
0,0,0,0,0,0,0,0,0,0,0,0,0,0,0,0,0,0,0,0,0,0,132,15,0.0,0.0,1.0,1.0,0.11,0.06,0.0,255,12,0.05,0.07,0.0,0.0,0.0,0.0,1.0,1.0
0,0,0,0,0,0,0,0,0,0,0,0,0,0,0,0,0,0,0,0,0,0,140,18,1.0,1.0,0.0,0.0,0.13,0.05,0.0,255,7,0.03,0.06,0.0,0.0,1.0,1.0,0.0,0.0
0,0,0,0,0,0,0,0,0,0,0,0,0,0,0,0,0,0,0,0,0,0,19,19,1.0,1.0,0.0,0.0,1.0,0.0,0.0,181,101,0.56,0.01,0.01,0.0,0.99,0.98,0.0,0.0
0,0,0,0,0,0,0,0,0,0,0,0,0,0,0,0,0,0,0,0,0,0,105,4,0.0,0.0,1.0,1.0,0.04,0.08,0.0,255,4,0.02,0.06,0.0,0.0,0.0,0.0,1.0,1.0
0,0,0,0,0,0,0,0,0,0,0,0,0,0,0,0,0,0,0,0,0,0,285,7,1.0,1.0,0.0,0.0,0.02,0.06,0.0,255,5,0.02,0.07,0.0,0.0,1.0,1.0,0.0,0.0
0,0,0,0,0,0,0,0,0,0,0,0,0,0,0,0,0,0,0,0,0,0,5,1,1.0,1.0,0.0,0.0,0.2,0.4,0.0,255,63,0.25,0.02,0.01,0.0,1.0,1.0,0.0,0.0
0,0,0,0,0,0,0,0,0,0,0,0,0,0,0,0,0,0,0,0,0,0,104,6,1.0,1.0,0.0,0.0,0.06,0.07,0.0,255,10,0.04,0.06,0.0,0.0,1.0,1.0,0.0,0.0
0,0,0,0,0,0,0,0,0,0,0,0,0,0,0,0,0,0,0,0,0,0,101,18,1.0,1.0,0.0,0.0,0.18,0.06,0.0,255,20,0.08,0.05,0.0,0.0,1.0,1.0,0.0,0.0
0,0,0,0,0,0,0,0,0,0,0,0,0,0,0,0,0,0,0,0,0,0,134,5,1.0,1.0,0.0,0.0,0.04,0.06,0.0,255,5,0.02,0.06,0.0,0.0,1.0,1.0,0.0,0.0
0,0,0,0,1032,0,0,0,0,0,0,0,0,0,0,0,0,0,0,0,0,0,508,508,0.0,0.0,0.0,0.0,1.0,0.0,0.0,255,255,1.0,0.0,1.0,0.0,0.0,0.0,0.0,0.0
0,0,0,0,0,0,0,0,0,0,0,0,0,0,0,0,0,0,0,0,0,0,204,10,0.64,1.0,0.0,0.0,0.05,0.04,0.0,255,11,0.04,0.05,0.0,0.0,1.0,1.0,0.0,0.0
0,0,0,0,0,0,0,0,0,0,0,0,0,0,0,0,0,0,0,0,0,0,116,1,1.0,1.0,0.0,0.0,0.01,0.07,0.0,255,1,0.0,0.09,0.0,0.0,1.0,1.0,0.0,0.0
0,0,0,0,0,0,0,0,0,0,0,0,0,0,0,0,0,0,0,0,0,0,229,3,1.0,1.0,0.0,0.0,0.01,0.06,0.0,255,3,0.01,0.05,0.0,0.0,1.0,1.0,0.0,0.0
0,0,0,0,0,0,0,0,0,0,0,0,0,0,0,0,0,0,0,0,0,0,231,17,1.0,1.0,0.0,0.0,0.07,0.04,0.0,91,17,0.19,0.09,0.01,0.0,0.98,1.0,0.0,0.0
0,0,0,0,0,0,0,0,0,0,0,0,0,0,0,0,0,0,0,0,0,0,274,16,1.0,1.0,0.0,0.0,0.06,0.06,0.0,255,5,0.02,0.08,0.0,0.0,1.0,1.0,0.0,0.0
0,0,0,0,0,0,0,0,0,0,0,0,0,0,0,0,0,0,0,0,0,0,11,2,1.0,1.0,0.0,0.0,0.18,0.27,0.0,255,2,0.01,0.08,0.0,0.0,1.0,1.0,0.0,0.0
0,0,0,0,0,0,0,0,0,0,0,0,0,0,0,0,0,0,0,0,0,0,270,17,1.0,1.0,0.0,0.0,0.06,0.06,0.0,255,12,0.05,0.05,0.0,0.0,1.0,1.0,0.0,0.0
0,0,0,0,0,0,0,0,0,0,0,0,0,0,0,0,0,0,0,0,0,0,107,16,0.0,0.0,1.0,1.0,0.15,0.07,0.0,255,16,0.06,0.06,0.0,0.0,0.0,0.0,1.0,1.0
0,0,0,0,28,0,0,3,0,0,0,0,0,0,0,0,0,0,0,0,0,0,67,66,0.0,0.0,0.01,0.0,0.99,0.03,0.0,255,66,0.26,0.02,0.26,0.0,0.0,0.0,0.56,0.0
0,0,0,0,0,0,0,0,0,0,0,0,0,0,0,0,0,0,0,0,0,0,267,19,1.0,1.0,0.0,0.0,0.07,0.05,0.0,255,19,0.07,0.05,0.0,0.0,1.0,1.0,0.0,0.0
0,0,0,0,0,0,0,0,0,0,0,0,0,0,0,0,0,0,0,0,0,0,189,16,1.0,1.0,0.0,0.0,0.08,0.06,0.0,255,6,0.02,0.07,0.0,0.0,1.0,1.0,0.0,0.0
0,0,0,0,0,0,0,0,0,0,0,0,0,0,0,0,0,0,0,0,0,0,7,3,1.0,1.0,0.0,0.0,0.43,0.57,0.0,255,4,0.02,0.09,0.0,0.0,1.0,1.0,0.0,0.0
0,0,0,0,0,0,0,0,0,0,0,0,0,0,0,0,0,0,0,0,0,0,242,3,1.0,1.0,0.0,0.0,0.01,0.07,0.0,255,3,0.01,0.07,0.0,0.0,1.0,1.0,0.0,0.0
0,0,0,0,0,0,0,0,0,0,0,0,0,0,0,0,0,0,0,0,0,0,238,3,1.0,1.0,0.0,0.0,0.01,0.07,0.0,255,3,0.01,0.07,0.0,0.0,1.0,1.0,0.0,0.0
0,0,0,0,1032,0,0,0,0,0,0,0,0,0,0,0,0,0,0,0,0,0,511,511,0.0,0.0,0.0,0.0,1.0,0.0,0.0,255,39,0.15,0.04,0.15,0.0,0.27,0.0,0.02,0.0
0,0,0,0,0,0,0,0,0,0,0,0,0,0,0,0,0,0,0,0,0,0,266,19,1.0,1.0,0.0,0.0,0.07,0.06,0.0,255,19,0.07,0.08,0.0,0.0,1.0,1.0,0.0,0.0
0,0,0,0,0,0,0,0,0,0,0,0,0,0,0,0,0,0,0,0,0,0,13,13,1.0,1.0,0.0,0.0,1.0,0.0,0.0,115,135,0.46,0.02,0.01,0.01,0.98,0.39,0.0,0.0
0,0,0,0,0,0,0,0,0,0,0,0,0,0,0,0,0,0,0,0,0,0,106,20,1.0,1.0,0.0,0.0,0.19,0.07,0.0,255,17,0.07,0.07,0.0,0.0,1.0,1.0,0.0,0.0
0,0,0,0,1480,0,0,1,0,0,0,0,0,0,0,0,0,0,0,0,0,0,5,5,0.0,0.0,0.0,0.0,1.0,0.0,0.0,255,6,0.02,0.08,0.02,0.0,0.59,0.0,0.01,0.0
0,0,0,0,0,0,0,0,0,0,0,0,0,0,0,0,0,0,0,0,0,0,268,10,1.0,0.9,0.0,0.1,0.03,0.06,0.2,255,2,0.01,0.07,0.0,0.0,1.0,1.0,0.0,0.0
0,0,0,0,0,0,0,0,0,0,0,0,0,0,0,0,0,0,0,0,0,0,156,19,1.0,1.0,0.0,0.0,0.12,0.05,0.0,255,5,0.02,0.07,0.0,0.0,1.0,1.0,0.0,0.0
0,0,0,0,0,0,0,0,0,0,0,0,0,0,0,0,0,0,0,0,0,0,261,11,1.0,1.0,0.0,0.0,0.04,0.06,0.0,255,10,0.04,0.07,0.0,0.0,1.0,1.0,0.0,0.0
0,0,0,0,0,0,0,0,0,0,0,0,0,0,0,0,0,0,0,0,0,0,26,7,0.96,1.0,0.04,0.0,0.27,0.19,0.0,255,50,0.2,0.04,0.02,0.0,1.0,1.0,0.0,0.0
0,0,0,0,0,0,0,0,0,0,0,0,0,0,0,0,0,0,0,0,0,0,255,8,1.0,1.0,0.0,0.0,0.03,0.06,0.0,255,8,0.03,0.07,0.0,0.0,1.0,1.0,0.0,0.0
0,0,0,0,1032,0,0,0,0,0,0,0,0,0,0,0,0,0,0,0,0,0,488,488,0.0,0.0,0.0,0.0,1.0,0.0,0.0,255,255,1.0,0.0,1.0,0.0,0.0,0.0,0.0,0.0
0,0,0,0,0,0,0,0,0,0,0,0,0,0,0,0,0,0,0,0,0,0,155,15,1.0,1.0,0.0,0.0,0.1,0.07,0.0,255,15,0.06,0.07,0.0,0.0,1.0,1.0,0.0,0.0
0,0,0,0,0,0,0,0,0,0,0,0,0,0,0,0,0,0,0,0,0,0,112,10,1.0,1.0,0.0,0.0,0.09,0.07,0.0,255,1,0.0,0.07,0.01,0.0,1.0,1.0,0.0,0.0
0,0,0,0,0,0,0,0,0,0,0,0,0,0,0,0,0,0,0,0,0,0,138,18,1.0,1.0,0.0,0.0,0.13,0.04,0.0,255,18,0.07,0.05,0.0,0.0,1.0,1.0,0.0,0.0
0,0,0,0,0,0,0,0,0,0,0,0,0,0,0,0,0,0,0,0,0,0,124,1,1.0,1.0,0.0,0.0,0.01,0.06,0.0,255,20,0.08,0.07,0.0,0.0,1.0,1.0,0.0,0.0
0,0,0,0,0,0,0,0,0,0,0,0,0,0,0,0,0,0,0,0,0,0,38,18,0.0,0.0,1.0,1.0,0.47,0.08,0.0,255,18,0.07,0.06,0.0,0.0,0.0,0.0,1.0,1.0
0,0,0,0,0,0,0,0,0,0,0,0,0,0,0,0,0,0,0,0,0,0,294,2,1.0,1.0,0.0,0.0,0.01,0.05,0.0,255,2,0.01,0.05,0.0,0.0,1.0,1.0,0.0,0.0
0,0,0,0,0,0,0,0,0,0,0,0,0,0,0,0,0,0,0,0,0,0,133,11,1.0,1.0,0.0,0.0,0.08,0.06,0.0,255,29,0.11,0.07,0.0,0.0,1.0,1.0,0.0,0.0
0,0,0,0,0,0,0,0,0,0,0,0,0,0,0,0,0,0,0,0,0,0,8,5,1.0,1.0,0.0,0.0,0.62,0.38,0.0,255,56,0.22,0.02,0.0,0.0,1.0,1.0,0.0,0.0
0,0,0,0,0,0,0,0,0,0,0,0,0,0,0,0,0,0,0,0,0,0,300,7,1.0,1.0,0.0,0.0,0.02,0.06,0.0,255,7,0.03,0.07,0.0,0.0,1.0,1.0,0.0,0.0
0,0,0,0,0,0,0,0,0,0,0,0,0,0,0,0,0,0,0,0,0,0,260,3,1.0,1.0,0.0,0.0,0.01,0.06,0.0,255,3,0.01,0.07,0.0,0.0,1.0,1.0,0.0,0.0
0,0,0,0,0,0,0,0,0,0,0,0,0,0,0,0,0,0,0,0,0,0,8,7,0.88,1.0,0.12,0.0,0.88,0.25,0.0,255,8,0.03,0.06,0.0,0.0,1.0,1.0,0.0,0.0
0,0,0,0,0,0,0,0,0,0,0,0,0,0,0,0,0,0,0,0,0,0,286,10,1.0,1.0,0.0,0.0,0.03,0.05,0.0,255,10,0.04,0.05,0.0,0.0,1.0,1.0,0.0,0.0
0,0,0,0,0,0,0,0,0,0,0,0,0,0,0,0,0,0,0,0,0,0,4,1,1.0,1.0,0.0,0.0,0.25,0.5,0.0,255,61,0.24,0.03,0.0,0.0,1.0,1.0,0.0,0.0
0,0,0,0,1480,0,0,1,0,0,0,0,0,0,0,0,0,0,0,0,0,0,11,11,0.0,0.0,0.0,0.0,1.0,0.0,0.0,255,12,0.05,0.08,0.05,0.0,0.57,0.0,0.01,0.0
0,0,0,0,1032,0,0,0,0,0,0,0,0,0,0,0,0,0,0,0,0,0,187,187,0.0,0.0,0.0,0.0,1.0,0.0,0.0,222,128,0.58,0.03,0.58,0.0,0.01,0.0,0.28,0.0
0,0,0,0,520,0,0,0,0,0,0,0,0,0,0,0,0,0,0,0,0,0,171,171,0.0,0.0,0.0,0.0,1.0,0.0,0.0,255,255,1.0,0.0,1.0,0.0,0.0,0.0,0.0,0.0
0,0,0,0,0,0,0,0,0,0,0,0,0,0,0,0,0,0,0,0,0,0,193,12,1.0,1.0,0.0,0.0,0.06,0.07,0.0,255,12,0.05,0.06,0.0,0.0,1.0,1.0,0.0,0.0
0,0,0,0,0,0,0,0,0,0,0,0,0,0,0,0,0,0,0,0,0,0,191,13,1.0,1.0,0.0,0.0,0.07,0.07,0.0,255,13,0.05,0.09,0.0,0.0,1.0,1.0,0.0,0.0
0,0,0,0,0,0,0,0,0,0,0,0,0,0,0,0,0,0,0,0,0,0,181,11,1.0,1.0,0.0,0.0,0.06,0.05,0.0,255,11,0.04,0.05,0.0,0.0,1.0,1.0,0.0,0.0
0,0,0,0,0,0,0,0,0,0,0,0,0,0,0,0,0,0,0,0,0,0,111,6,0.0,0.0,1.0,1.0,0.05,0.07,0.0,255,26,0.1,0.06,0.0,0.0,0.0,0.0,1.0,1.0
0,0,0,0,0,0,0,0,0,0,0,0,0,0,0,0,0,0,0,0,0,0,107,7,1.0,1.0,0.0,0.0,0.07,0.05,0.0,255,7,0.03,0.04,0.0,0.0,1.0,1.0,0.0,0.0
0,0,0,0,0,0,0,0,0,0,0,0,0,0,0,0,0,0,0,0,0,0,234,3,0.0,0.0,1.0,1.0,0.01,0.06,0.0,255,3,0.01,0.07,0.0,0.0,0.0,0.0,1.0,1.0
0,0,0,0,0,0,0,0,0,0,0,0,0,0,0,0,0,0,0,0,0,0,250,1,1.0,1.0,0.0,0.0,0.0,0.07,0.0,255,1,0.0,0.07,0.0,0.0,1.0,1.0,0.0,0.0
0,0,0,0,0,0,0,0,0,0,0,0,0,0,0,0,0,0,0,0,0,0,275,17,1.0,1.0,0.0,0.0,0.06,0.06,0.0,255,17,0.07,0.07,0.0,0.0,1.0,1.0,0.0,0.0
0,0,0,0,0,0,0,0,0,0,0,0,0,0,0,0,0,0,0,0,0,0,157,4,1.0,1.0,0.0,0.0,0.03,0.05,0.0,255,4,0.02,0.05,0.0,0.0,1.0,1.0,0.0,0.0
0,0,0,0,28,0,0,3,0,0,0,0,0,0,0,0,0,0,0,0,0,0,72,72,0.0,0.0,0.0,0.0,1.0,0.0,0.0,255,172,0.67,0.33,0.67,0.0,0.09,0.0,0.24,0.0
0,0,0,0,0,0,0,0,0,0,0,0,0,0,0,0,0,0,0,0,0,0,143,10,1.0,1.0,0.0,0.0,0.07,0.08,0.0,255,10,0.04,0.07,0.0,0.0,1.0,1.0,0.0,0.0
0,0,0,0,0,0,0,0,0,0,0,0,0,0,0,0,0,0,0,0,0,0,275,18,1.0,1.0,0.0,0.0,0.07,0.06,0.0,255,15,0.06,0.07,0.0,0.0,1.0,1.0,0.0,0.0
0,0,0,0,0,0,0,0,0,0,0,0,0,0,0,0,0,0,0,0,0,0,118,1,1.0,1.0,0.0,0.0,0.01,0.07,0.0,255,1,0.0,0.07,0.0,0.0,1.0,1.0,0.0,0.0
0,0,0,0,0,0,0,0,0,0,0,0,0,0,0,0,0,0,0,0,0,0,236,19,1.0,1.0,0.0,0.0,0.08,0.07,0.0,255,19,0.07,0.07,0.0,0.0,1.0,1.0,0.0,0.0
0,0,0,0,0,0,0,0,0,0,0,0,0,0,0,0,0,0,0,0,0,0,125,19,1.0,1.0,0.0,0.0,0.15,0.06,0.0,255,18,0.07,0.07,0.0,0.0,1.0,1.0,0.0,0.0
0,0,0,0,0,0,0,0,0,0,0,0,0,0,0,0,0,0,0,0,0,0,119,12,1.0,1.0,0.0,0.0,0.1,0.05,0.0,255,12,0.05,0.05,0.0,0.0,1.0,1.0,0.0,0.0
0,0,0,0,0,0,0,0,0,0,0,0,0,0,0,0,0,0,0,0,0,0,119,3,0.0,0.0,1.0,1.0,0.03,0.08,0.0,255,3,0.01,0.08,0.0,0.0,0.0,0.0,1.0,1.0
0,0,0,0,0,0,0,0,0,0,0,0,0,0,0,0,0,0,0,0,0,0,230,1,1.0,1.0,0.0,0.0,0.0,0.07,0.0,255,1,0.0,0.08,0.0,0.0,1.0,1.0,0.0,0.0
0,0,0,0,1032,0,0,0,0,0,0,0,0,0,0,0,0,0,0,0,0,0,511,511,0.0,0.0,0.0,0.0,1.0,0.0,0.0,176,31,0.18,0.02,0.18,0.0,0.0,0.0,0.0,0.0
0,0,0,0,0,0,0,0,0,0,0,0,0,0,0,0,0,0,0,0,0,0,217,10,1.0,1.0,0.0,0.0,0.05,0.06,0.0,255,19,0.07,0.06,0.0,0.0,1.0,1.0,0.0,0.0
0,0,0,0,0,0,0,0,0,0,0,0,0,0,0,0,0,0,0,0,0,0,106,17,1.0,1.0,0.0,0.0,0.16,0.06,0.0,255,17,0.07,0.07,0.0,0.0,1.0,1.0,0.0,0.0
0,0,0,0,0,0,0,0,0,0,0,0,0,0,0,0,0,0,0,0,0,0,201,1,1.0,1.0,0.0,0.0,0.0,0.06,0.0,255,20,0.08,0.08,0.0,0.0,1.0,1.0,0.0,0.0
0,0,0,0,0,0,0,0,0,0,0,0,0,0,0,0,0,0,0,0,0,0,205,3,1.0,1.0,0.0,0.0,0.01,0.06,0.0,255,3,0.01,0.07,0.0,0.0,1.0,1.0,0.0,0.0
0,0,0,0,0,0,0,0,0,0,0,0,0,0,0,0,0,0,0,0,0,0,134,5,1.0,1.0,0.0,0.0,0.04,0.07,0.0,255,5,0.02,0.07,0.0,0.0,1.0,1.0,0.0,0.0
0,0,0,0,0,0,0,0,0,0,0,0,0,0,0,0,0,0,0,0,0,0,296,19,0.0,0.0,1.0,1.0,0.06,0.06,0.0,255,19,0.07,0.07,0.0,0.0,0.0,0.0,1.0,1.0
0,0,0,0,520,0,0,0,0,0,0,0,0,0,0,0,0,0,0,0,0,0,168,168,0.0,0.0,0.0,0.0,1.0,0.0,0.0,255,255,1.0,0.0,1.0,0.0,0.0,0.0,0.0,0.0
0,0,0,0,0,0,0,0,0,0,0,0,0,0,0,0,0,0,0,0,0,0,147,20,0.99,1.0,0.0,0.0,0.14,0.06,0.0,255,2,0.01,0.06,0.0,0.0,1.0,1.0,0.0,0.0
0,0,0,0,0,0,0,0,0,0,0,0,0,0,0,0,0,0,0,0,0,0,250,3,0.0,0.0,1.0,1.0,0.01,0.06,0.0,255,3,0.01,0.07,0.0,0.0,0.0,0.0,1.0,1.0
0,0,0,0,0,0,0,0,0,0,0,0,0,0,0,0,0,0,0,0,0,0,96,15,1.0,1.0,0.0,0.0,0.16,0.07,0.0,255,15,0.06,0.07,0.0,0.0,1.0,1.0,0.0,0.0
0,0,0,0,0,0,0,0,0,0,0,0,0,0,0,0,0,0,0,0,0,0,112,2,0.0,0.0,1.0,1.0,0.02,0.07,0.0,255,2,0.01,0.08,0.0,0.0,0.0,0.0,1.0,1.0
0,0,0,0,0,0,0,0,0,0,0,0,0,0,0,0,0,0,0,0,0,0,126,18,1.0,1.0,0.0,0.0,0.14,0.06,0.0,255,10,0.04,0.06,0.0,0.0,1.0,1.0,0.0,0.0
0,0,0,0,0,0,0,0,0,0,0,0,0,0,0,0,0,0,0,0,0,0,263,12,1.0,1.0,0.0,0.0,0.05,0.06,0.0,255,12,0.05,0.07,0.0,0.0,1.0,1.0,0.0,0.0
0,0,0,0,0,0,0,0,0,0,0,0,0,0,0,0,0,0,0,0,0,0,139,18,1.0,1.0,0.0,0.0,0.13,0.06,0.0,125,3,0.02,0.12,0.01,0.0,1.0,1.0,0.0,0.0
0,0,0,0,28,0,0,3,0,0,0,0,0,0,0,0,0,0,0,0,0,0,67,66,0.01,0.0,0.0,0.0,0.99,0.03,0.0,255,66,0.26,0.01,0.26,0.0,0.0,0.0,0.0,0.0
0,0,0,0,0,0,0,0,0,0,0,0,0,0,0,0,0,0,0,0,0,0,127,7,1.0,1.0,0.0,0.0,0.06,0.06,0.0,255,13,0.05,0.07,0.0,0.0,1.0,1.0,0.0,0.0
0,0,0,0,0,0,0,0,0,0,0,0,0,0,0,0,0,0,0,0,0,0,205,11,1.0,1.0,0.0,0.0,0.05,0.05,0.0,255,11,0.04,0.06,0.0,0.0,1.0,1.0,0.0,0.0
0,0,0,0,0,0,0,0,0,0,0,0,0,0,0,0,0,0,0,0,0,0,40,10,1.0,1.0,0.0,0.0,0.25,0.1,0.0,255,63,0.25,0.02,0.01,0.0,1.0,1.0,0.0,0.0
0,0,0,0,0,0,0,0,0,0,0,0,0,0,0,0,0,0,0,0,0,0,257,5,1.0,1.0,0.0,0.0,0.02,0.06,0.0,255,17,0.07,0.07,0.0,0.0,1.0,1.0,0.0,0.0
0,0,0,0,0,0,0,0,0,0,0,0,0,0,0,0,0,0,0,0,0,0,227,1,0.0,0.0,1.0,1.0,0.0,0.07,0.0,255,1,0.0,0.09,0.0,0.0,0.0,0.0,1.0,1.0
0,0,0,0,0,0,0,0,0,0,0,0,0,0,0,0,0,0,0,0,0,0,238,2,1.0,1.0,0.0,0.0,0.01,0.07,0.0,255,2,0.01,0.07,0.0,0.0,1.0,1.0,0.0,0.0
0,0,0,0,0,0,0,0,0,0,0,0,0,0,0,0,0,0,0,0,0,0,3,2,1.0,1.0,0.0,0.0,0.67,0.67,0.0,83,23,0.27,0.05,0.02,0.09,1.0,0.96,0.0,0.0
0,0,0,0,0,0,0,0,0,0,0,0,0,0,0,0,0,0,0,0,0,0,139,10,1.0,1.0,0.0,0.0,0.07,0.06,0.0,255,10,0.04,0.06,0.0,0.0,1.0,1.0,0.0,0.0
0,0,0,0,54540,8314,0,0,0,2,0,1,1,0,0,0,0,0,0,0,0,0,3,3,0.0,0.0,0.0,0.0,1.0,0.0,0.0,82,82,1.0,0.0,0.01,0.0,0.0,0.0,0.17,0.17
0,0,0,0,0,0,0,0,0,0,0,0,0,0,0,0,0,0,0,0,0,0,277,16,1.0,1.0,0.0,0.0,0.06,0.06,0.0,255,17,0.07,0.07,0.0,0.0,1.0,1.0,0.0,0.0
0,0,0,0,0,0,0,0,0,0,0,0,0,0,0,0,0,0,0,0,0,0,126,8,1.0,1.0,0.0,0.0,0.06,0.07,0.0,255,15,0.06,0.06,0.0,0.0,1.0,1.0,0.0,0.0
0,0,0,0,0,0,0,0,0,0,0,0,0,0,0,0,0,0,0,0,0,0,73,16,0.97,1.0,0.03,0.0,0.22,0.08,0.0,255,36,0.14,0.04,0.01,0.0,1.0,1.0,0.0,0.0
0,0,0,0,0,0,0,0,0,0,0,0,0,0,0,0,0,0,0,0,0,0,230,1,1.0,1.0,0.0,0.0,0.0,0.06,0.0,255,2,0.01,0.07,0.0,0.0,1.0,1.0,0.0,0.0
0,0,0,0,0,0,0,0,0,0,0,0,0,0,0,0,0,0,0,0,0,0,7,1,1.0,1.0,0.0,0.0,0.14,0.43,0.0,249,61,0.24,0.02,0.0,0.0,0.99,1.0,0.0,0.0
0,0,0,0,0,0,0,0,0,0,0,0,0,0,0,0,0,0,0,0,0,0,144,20,1.0,1.0,0.0,0.0,0.14,0.06,0.0,255,18,0.07,0.07,0.0,0.0,1.0,1.0,0.0,0.0
0,0,0,0,0,0,0,0,0,0,0,0,0,0,0,0,0,0,0,0,0,0,253,8,0.0,0.0,1.0,1.0,0.03,0.07,0.0,255,8,0.03,0.09,0.0,0.0,0.0,0.0,1.0,1.0
0,0,0,0,0,0,0,0,0,0,0,0,0,0,0,0,0,0,0,0,0,0,267,19,1.0,1.0,0.0,0.0,0.07,0.05,0.0,255,19,0.07,0.07,0.0,0.0,1.0,1.0,0.0,0.0
0,0,0,0,0,0,0,0,0,0,0,0,0,0,0,0,0,0,0,0,0,0,241,2,1.0,1.0,0.0,0.0,0.01,0.05,0.0,255,2,0.01,0.05,0.0,0.0,1.0,1.0,0.0,0.0
0,0,0,0,0,0,0,0,0,0,0,0,0,0,0,0,0,0,0,0,0,0,265,12,1.0,1.0,0.0,0.0,0.05,0.06,0.0,255,15,0.06,0.07,0.0,0.0,1.0,1.0,0.0,0.0
0,0,0,0,0,0,0,0,0,0,0,0,0,0,0,0,0,0,0,0,0,0,27,22,1.0,1.0,0.0,0.0,0.81,0.07,0.0,255,22,0.09,0.06,0.0,0.0,1.0,1.0,0.0,0.0
0,0,0,0,0,0,0,0,0,0,0,0,0,0,0,0,0,0,0,0,0,0,285,16,0.0,0.0,1.0,1.0,0.06,0.06,0.0,255,16,0.06,0.07,0.0,0.0,0.0,0.0,1.0,1.0
0,0,0,0,0,0,0,0,0,0,0,0,0,0,0,0,0,0,0,0,0,0,104,2,0.0,0.0,1.0,1.0,0.02,0.08,0.0,255,2,0.01,0.07,0.0,0.0,0.0,0.0,1.0,1.0
0,0,0,0,0,0,0,0,0,0,0,0,0,0,0,0,0,0,0,0,0,0,141,14,0.0,0.0,1.0,1.0,0.1,0.06,0.0,255,10,0.04,0.06,0.0,0.0,0.0,0.0,1.0,1.0
0,0,0,0,0,0,0,0,0,0,0,0,0,0,0,0,0,0,0,0,0,0,287,19,1.0,1.0,0.0,0.0,0.07,0.06,0.0,255,19,0.07,0.08,0.0,0.0,1.0,1.0,0.0,0.0
0,0,0,0,0,0,0,0,0,0,0,0,0,0,0,0,0,0,0,0,0,0,159,3,0.0,0.0,1.0,1.0,0.02,0.07,0.0,255,3,0.01,0.08,0.0,0.0,0.0,0.0,1.0,1.0
0,0,0,0,0,0,0,0,0,0,0,0,0,0,0,0,0,0,0,0,0,0,244,2,1.0,1.0,0.0,0.0,0.01,0.06,0.0,255,8,0.03,0.06,0.0,0.0,1.0,1.0,0.0,0.0
0,0,0,0,0,0,0,0,0,0,0,0,0,0,0,0,0,0,0,0,0,0,95,6,1.0,1.0,0.0,0.0,0.06,0.07,0.0,255,6,0.02,0.08,0.0,0.0,1.0,1.0,0.0,0.0
0,0,0,0,0,0,0,0,0,0,0,0,0,0,0,0,0,0,0,0,0,0,134,19,1.0,1.0,0.0,0.0,0.14,0.05,0.0,255,16,0.06,0.06,0.0,0.0,1.0,1.0,0.0,0.0
0,0,0,0,0,0,0,0,0,0,0,0,0,0,0,0,0,0,0,0,0,0,229,20,1.0,1.0,0.0,0.0,0.09,0.05,0.0,255,20,0.08,0.08,0.0,0.0,1.0,1.0,0.0,0.0
0,0,0,0,0,0,0,0,0,0,0,0,0,0,0,0,0,0,0,0,0,0,225,20,1.0,1.0,0.0,0.0,0.09,0.07,0.0,255,10,0.04,0.07,0.0,0.0,1.0,1.0,0.0,0.0
0,0,0,0,0,0,0,0,0,0,0,0,0,0,0,0,0,0,0,0,0,0,120,12,1.0,1.0,0.0,0.0,0.1,0.06,0.0,255,16,0.06,0.07,0.0,0.0,1.0,1.0,0.0,0.0
0,0,0,0,0,0,0,0,0,0,0,0,0,0,0,0,0,0,0,0,0,0,260,18,1.0,1.0,0.0,0.0,0.07,0.05,0.0,255,18,0.07,0.05,0.0,0.0,1.0,1.0,0.0,0.0
0,0,0,0,0,0,0,0,0,0,0,0,0,0,0,0,0,0,0,0,0,0,142,10,1.0,1.0,0.0,0.0,0.07,0.06,0.0,255,10,0.04,0.06,0.0,0.0,1.0,1.0,0.0,0.0
0,0,0,0,0,0,0,0,0,0,0,0,0,0,0,0,0,0,0,0,0,0,261,25,1.0,1.0,0.0,0.0,0.1,0.05,0.0,255,25,0.1,0.05,0.0,0.0,1.0,1.0,0.0,0.0
0,0,0,0,1032,0,0,0,0,0,0,0,0,0,0,0,0,0,0,0,0,0,511,511,0.0,0.0,0.0,0.0,1.0,0.0,0.0,255,66,0.26,0.04,0.26,0.0,0.16,0.0,0.02,0.0
0,0,0,0,0,0,0,0,0,0,0,0,0,0,0,0,0,0,0,0,0,0,289,19,1.0,1.0,0.0,0.0,0.07,0.06,0.0,255,17,0.07,0.05,0.0,0.0,1.0,1.0,0.0,0.0
0,0,0,0,0,0,0,0,0,0,0,0,0,0,0,0,0,0,0,0,0,0,208,8,1.0,1.0,0.0,0.0,0.04,0.06,0.0,255,8,0.03,0.06,0.0,0.0,1.0,1.0,0.0,0.0
0,0,0,0,0,0,0,0,0,0,0,0,0,0,0,0,0,0,0,0,0,0,129,12,1.0,1.0,0.0,0.0,0.09,0.05,0.0,255,14,0.05,0.05,0.0,0.0,1.0,1.0,0.0,0.0
0,0,0,0,0,0,0,0,0,0,0,0,0,0,0,0,0,0,0,0,0,0,132,3,1.0,1.0,0.0,0.0,0.02,0.06,0.0,255,5,0.02,0.07,0.0,0.0,1.0,1.0,0.0,0.0
0,0,0,0,0,0,0,0,0,0,0,0,0,0,0,0,0,0,0,0,0,0,284,6,1.0,1.0,0.0,0.0,0.02,0.06,0.0,255,6,0.02,0.06,0.0,0.0,1.0,1.0,0.0,0.0
0,0,0,0,520,0,0,0,0,0,0,0,0,0,0,0,0,0,0,0,0,0,177,177,0.0,0.0,0.0,0.0,1.0,0.0,0.0,255,255,1.0,0.0,1.0,0.0,0.0,0.0,0.0,0.0
0,0,0,0,0,0,0,0,0,0,0,0,0,0,0,0,0,0,0,0,0,0,121,18,1.0,1.0,0.0,0.0,0.15,0.06,0.0,255,17,0.07,0.06,0.0,0.0,1.0,1.0,0.0,0.0
0,0,0,0,0,0,0,0,0,0,0,0,0,0,0,0,0,0,0,0,0,0,212,6,1.0,1.0,0.0,0.0,0.03,0.07,0.0,255,6,0.02,0.08,0.0,0.0,1.0,1.0,0.0,0.0
0,0,0,0,0,0,0,0,0,0,0,0,0,0,0,0,0,0,0,0,0,0,205,3,1.0,1.0,0.0,0.0,0.01,0.07,0.0,255,3,0.01,0.07,0.0,0.0,1.0,1.0,0.0,0.0
0,0,0,0,0,0,0,0,0,0,0,0,0,0,0,0,0,0,0,0,0,0,43,7,1.0,1.0,0.0,0.0,0.16,0.09,0.0,255,67,0.26,0.02,0.02,0.0,1.0,1.0,0.0,0.0
0,0,0,0,0,0,0,0,0,0,0,0,0,0,0,0,0,0,0,0,0,0,206,5,1.0,1.0,0.0,0.0,0.02,0.06,0.0,255,17,0.07,0.06,0.0,0.0,1.0,1.0,0.0,0.0
0,0,0,0,0,0,0,0,0,0,0,0,0,0,0,0,0,0,0,0,0,0,101,19,1.0,1.0,0.0,0.0,0.19,0.06,0.0,255,32,0.13,0.06,0.0,0.0,1.0,1.0,0.0,0.0
0,0,0,0,1032,0,0,0,0,0,0,0,0,0,0,0,0,0,0,0,0,0,511,511,0.0,0.0,0.0,0.0,1.0,0.0,0.0,255,3,0.01,0.21,0.01,0.0,0.21,0.0,0.0,0.0
0,0,0,0,0,0,0,0,0,0,0,0,0,0,0,0,0,0,0,0,0,0,142,14,1.0,1.0,0.0,0.0,0.1,0.06,0.0,255,20,0.08,0.07,0.0,0.0,1.0,1.0,0.0,0.0
0,0,0,0,0,0,0,0,0,0,0,0,0,0,0,0,0,0,0,0,0,0,256,8,0.0,0.0,1.0,1.0,0.03,0.06,0.0,255,8,0.03,0.06,0.0,0.0,0.0,0.0,1.0,1.0
0,0,0,0,0,0,0,0,0,0,0,0,0,0,0,0,0,0,0,0,0,0,112,23,1.0,1.0,0.0,0.0,0.21,0.04,0.0,255,23,0.09,0.04,0.0,0.0,1.0,1.0,0.0,0.0
0,0,0,0,0,0,0,0,0,0,0,0,0,0,0,0,0,0,0,0,0,0,18,20,1.0,0.9,0.0,0.0,1.0,0.0,0.15,160,138,0.49,0.01,0.01,0.01,0.99,0.57,0.0,0.0
0,0,0,0,0,0,0,0,0,0,0,0,0,0,0,0,0,0,0,0,0,0,207,1,1.0,1.0,0.0,0.0,0.0,0.05,0.0,255,1,0.0,0.05,0.0,0.0,1.0,1.0,0.0,0.0
0,0,0,0,0,0,0,0,0,0,0,0,0,0,0,0,0,0,0,0,0,0,283,19,1.0,1.0,0.0,0.0,0.07,0.06,0.0,255,19,0.07,0.08,0.0,0.0,1.0,1.0,0.0,0.0
0,0,0,0,0,0,0,0,0,0,0,0,0,0,0,0,0,0,0,0,0,0,136,15,1.0,1.0,0.0,0.0,0.11,0.04,0.0,255,15,0.06,0.05,0.0,0.0,1.0,1.0,0.0,0.0
0,0,0,0,0,0,0,0,0,0,0,0,0,0,0,0,0,0,0,0,0,0,93,15,1.0,1.0,0.0,0.0,0.16,0.05,0.0,255,15,0.06,0.06,0.0,0.0,1.0,1.0,0.0,0.0
0,0,0,0,0,0,0,0,0,0,0,0,0,0,0,0,0,0,0,0,0,0,274,5,1.0,1.0,0.0,0.0,0.02,0.06,0.0,255,4,0.02,0.09,0.0,0.0,1.0,1.0,0.0,0.0
0,0,0,0,54540,8314,0,0,0,2,0,1,1,0,0,0,0,0,0,0,0,0,4,4,0.25,0.25,0.25,0.25,1.0,0.0,0.0,255,255,1.0,0.0,0.0,0.0,0.0,0.0,0.06,0.06
0,0,0,0,0,0,0,0,0,0,0,0,0,0,0,0,0,0,0,0,0,0,212,2,1.0,1.0,0.0,0.0,0.01,0.07,0.0,255,2,0.01,0.05,0.0,0.0,1.0,1.0,0.0,0.0
0,0,0,0,0,0,0,0,0,0,0,0,0,0,0,0,0,0,0,0,0,0,192,2,0.0,0.0,1.0,1.0,0.01,0.07,0.0,255,2,0.01,0.08,0.0,0.0,0.0,0.0,1.0,1.0
0,0,0,0,0,0,0,0,0,0,0,0,0,0,0,0,0,0,0,0,0,0,141,1,1.0,1.0,0.0,0.0,0.01,0.06,0.0,255,1,0.0,0.06,0.0,0.0,1.0,1.0,0.0,0.0
0,0,0,0,0,0,0,0,0,0,0,0,0,0,0,0,0,0,0,0,0,0,265,3,1.0,1.0,0.0,0.0,0.01,0.06,0.0,255,3,0.01,0.07,0.0,0.0,1.0,1.0,0.0,0.0
0,0,0,0,0,0,0,0,0,0,0,0,0,0,0,0,0,0,0,0,0,0,236,17,0.0,0.0,1.0,1.0,0.07,0.07,0.0,255,17,0.07,0.08,0.0,0.0,0.0,0.0,1.0,1.0
0,0,0,0,0,0,0,0,0,0,0,0,0,0,0,0,0,0,0,0,0,0,112,16,1.0,1.0,0.0,0.0,0.14,0.05,0.0,255,12,0.05,0.05,0.0,0.0,1.0,1.0,0.0,0.0
0,0,0,0,0,0,0,0,0,0,0,0,0,0,0,0,0,0,0,0,0,0,218,20,1.0,1.0,0.0,0.0,0.09,0.06,0.0,79,18,0.23,0.13,0.01,0.0,0.82,1.0,0.01,0.0
0,0,0,0,0,0,0,0,0,0,0,0,0,0,0,0,0,0,0,0,0,0,144,15,0.0,0.0,1.0,1.0,0.1,0.06,0.0,255,15,0.06,0.07,0.0,0.0,0.0,0.0,1.0,1.0
0,0,0,0,0,0,0,0,0,0,0,0,0,0,0,0,0,0,0,0,0,0,287,3,1.0,1.0,0.0,0.0,0.01,0.05,0.0,255,3,0.01,0.05,0.0,0.0,1.0,1.0,0.0,0.0
0,0,0,0,0,0,0,0,0,0,0,0,0,0,0,0,0,0,0,0,0,0,235,4,0.0,0.0,1.0,1.0,0.02,0.07,0.0,255,4,0.02,0.07,0.0,0.0,0.0,0.0,1.0,1.0
0,0,0,0,0,0,0,0,0,0,0,0,0,0,0,0,0,0,0,0,0,0,179,2,1.0,1.0,0.0,0.0,0.01,0.06,0.0,255,18,0.07,0.06,0.0,0.0,1.0,1.0,0.0,0.0
0,0,0,0,0,0,0,0,0,0,0,0,0,0,0,0,0,0,0,0,0,0,144,19,1.0,1.0,0.0,0.0,0.13,0.05,0.0,255,19,0.07,0.05,0.0,0.0,1.0,1.0,0.0,0.0
0,0,0,0,0,0,0,0,0,0,0,0,0,0,0,0,0,0,0,0,0,0,76,19,1.0,1.0,0.0,0.0,0.25,0.05,0.0,255,60,0.24,0.02,0.01,0.0,1.0,1.0,0.0,0.0
0,0,0,0,0,0,0,0,0,0,0,0,0,0,0,0,0,0,0,0,0,0,8,8,0.0,0.0,1.0,1.0,1.0,0.0,0.0,255,26,0.1,0.06,0.0,0.0,0.0,0.0,1.0,1.0
0,0,0,0,0,0,0,0,0,0,0,0,0,0,0,0,0,0,0,0,0,0,40,10,0.98,1.0,0.03,0.0,0.25,0.12,0.0,255,45,0.18,0.05,0.01,0.0,1.0,1.0,0.0,0.0
0,0,0,0,0,0,0,0,0,0,0,0,0,0,0,0,0,0,0,0,0,0,159,15,0.0,0.0,1.0,1.0,0.09,0.08,0.0,255,15,0.06,0.07,0.0,0.0,0.0,0.0,1.0,1.0
0,0,0,0,0,0,0,0,0,0,0,0,0,0,0,0,0,0,0,0,0,0,213,12,1.0,1.0,0.0,0.0,0.06,0.06,0.0,255,19,0.07,0.07,0.0,0.0,1.0,1.0,0.0,0.0
0,0,0,0,0,0,0,0,0,0,0,0,0,0,0,0,0,0,0,0,0,0,90,1,1.0,1.0,0.0,0.0,0.01,0.07,0.0,255,18,0.07,0.05,0.0,0.0,1.0,1.0,0.0,0.0
0,0,0,0,0,0,0,0,0,0,0,0,0,0,0,0,0,0,0,0,0,0,131,5,0.0,0.0,1.0,1.0,0.04,0.06,0.0,255,2,0.01,0.07,0.0,0.0,0.0,0.0,1.0,1.0
0,0,0,0,0,0,0,0,0,0,0,0,0,0,0,0,0,0,0,0,0,0,220,1,1.0,1.0,0.0,0.0,0.0,0.05,0.0,255,1,0.0,0.06,0.0,0.0,1.0,1.0,0.0,0.0
0,0,0,0,0,0,0,0,0,0,0,0,0,0,0,0,0,0,0,0,0,0,9,4,1.0,1.0,0.0,0.0,0.44,0.44,0.0,89,24,0.27,0.04,0.01,0.0,1.0,1.0,0.0,0.0
0,0,0,0,0,0,0,0,0,0,0,0,0,0,0,0,0,0,0,0,0,0,61,10,1.0,1.0,0.0,0.0,0.16,0.07,0.0,255,10,0.04,0.04,0.0,0.0,1.0,1.0,0.0,0.0
0,0,0,0,0,0,0,0,0,0,0,0,0,0,0,0,0,0,0,0,0,0,293,1,1.0,1.0,0.0,0.0,0.0,0.06,0.0,255,1,0.0,0.07,0.0,0.0,1.0,1.0,0.0,0.0
0,0,0,0,0,0,0,0,0,0,0,0,0,0,0,0,0,0,0,0,0,0,279,4,1.0,1.0,0.0,0.0,0.01,0.05,0.0,255,4,0.02,0.05,0.0,0.0,1.0,1.0,0.0,0.0
0,0,0,0,0,0,0,0,0,0,0,0,0,0,0,0,0,0,0,0,0,0,206,11,1.0,1.0,0.0,0.0,0.05,0.06,0.0,255,13,0.05,0.07,0.0,0.0,1.0,1.0,0.0,0.0
0,0,0,0,0,0,0,0,0,0,0,0,0,0,0,0,0,0,0,0,0,0,126,15,1.0,1.0,0.0,0.0,0.12,0.06,0.0,93,8,0.09,0.12,0.01,0.0,1.0,1.0,0.0,0.0
0,0,0,0,0,0,0,0,0,0,0,0,0,0,0,0,0,0,0,0,0,0,228,20,1.0,1.0,0.0,0.0,0.09,0.06,0.0,255,19,0.07,0.07,0.0,0.0,1.0,1.0,0.0,0.0
0,0,0,0,0,0,0,0,0,0,0,0,0,0,0,0,0,0,0,0,0,0,40,20,1.0,1.0,0.0,0.0,0.5,0.05,0.0,255,20,0.08,0.07,0.0,0.0,1.0,1.0,0.0,0.0
0,0,0,0,0,0,0,0,0,0,0,0,0,0,0,0,0,0,0,0,0,0,107,6,1.0,1.0,0.0,0.0,0.06,0.07,0.0,160,15,0.09,0.1,0.01,0.0,1.0,1.0,0.0,0.0
0,0,0,0,0,0,0,0,0,0,0,0,0,0,0,0,0,0,0,0,0,0,227,14,0.0,0.0,1.0,1.0,0.06,0.06,0.0,255,14,0.05,0.07,0.0,0.0,0.0,0.0,1.0,1.0
0,0,0,0,0,0,0,0,0,0,0,0,0,0,0,0,0,0,0,0,0,0,299,19,1.0,1.0,0.0,0.0,0.06,0.06,0.0,255,19,0.07,0.07,0.0,0.0,1.0,1.0,0.0,0.0
0,0,0,0,0,0,0,0,0,0,0,0,0,0,0,0,0,0,0,0,0,0,92,3,1.0,1.0,0.0,0.0,0.03,0.08,0.0,198,3,0.02,0.07,0.01,0.0,1.0,1.0,0.0,0.0
0,0,0,0,0,0,0,0,0,0,0,0,0,0,0,0,0,0,0,0,0,0,268,6,1.0,1.0,0.0,0.0,0.02,0.05,0.0,255,6,0.02,0.05,0.0,0.0,1.0,1.0,0.0,0.0
0,0,0,0,0,0,0,0,0,0,0,0,0,0,0,0,0,0,0,0,0,0,205,17,1.0,1.0,0.0,0.0,0.08,0.06,0.0,255,17,0.07,0.07,0.0,0.0,1.0,1.0,0.0,0.0
0,0,0,0,0,0,0,0,0,0,0,0,0,0,0,0,0,0,0,0,0,0,268,7,1.0,1.0,0.0,0.0,0.03,0.06,0.0,255,15,0.06,0.07,0.0,0.0,1.0,1.0,0.0,0.0
0,0,0,0,0,0,0,0,0,0,0,0,0,0,0,0,0,0,0,0,0,0,66,16,1.0,1.0,0.0,0.0,0.24,0.06,0.0,255,57,0.22,0.03,0.01,0.0,1.0,1.0,0.0,0.0
0,0,0,0,0,0,0,0,0,0,0,0,0,0,0,0,0,0,0,0,0,0,188,1,1.0,1.0,0.0,0.0,0.01,0.07,0.0,255,1,0.0,0.07,0.0,0.0,1.0,1.0,0.0,0.0
0,0,0,0,0,0,0,0,0,0,0,0,0,0,0,0,0,0,0,0,0,0,277,10,1.0,1.0,0.0,0.0,0.04,0.05,0.0,255,1,0.0,0.09,0.0,0.0,1.0,1.0,0.0,0.0
0,0,0,0,0,0,0,0,0,0,0,0,0,0,0,0,0,0,0,0,0,0,247,6,1.0,1.0,0.0,0.0,0.02,0.06,0.0,255,6,0.02,0.07,0.0,0.0,1.0,1.0,0.0,0.0
0,0,0,0,28,0,0,3,0,0,0,0,0,0,0,0,0,0,0,0,0,0,57,57,0.0,0.0,0.0,0.0,1.0,0.0,0.0,255,57,0.22,0.04,0.22,0.0,0.02,0.0,0.0,0.0
0,0,0,0,0,0,0,0,0,0,0,0,0,0,0,0,0,0,0,0,0,0,229,5,1.0,1.0,0.0,0.0,0.02,0.06,0.0,255,20,0.08,0.06,0.0,0.0,1.0,1.0,0.0,0.0
0,0,0,0,0,0,0,0,0,0,0,0,0,0,0,0,0,0,0,0,0,0,216,9,1.0,1.0,0.0,0.0,0.04,0.05,0.0,76,9,0.12,0.11,0.01,0.0,0.97,1.0,0.0,0.0
0,0,0,0,0,0,0,0,0,0,0,0,0,0,0,0,0,0,0,0,0,0,106,6,1.0,1.0,0.0,0.0,0.06,0.07,0.0,255,10,0.04,0.05,0.0,0.0,1.0,1.0,0.0,0.0
0,0,0,0,0,0,0,0,0,0,0,0,0,0,0,0,0,0,0,0,0,0,142,18,1.0,1.0,0.0,0.0,0.13,0.06,0.0,255,18,0.07,0.05,0.0,0.0,1.0,1.0,0.0,0.0
0,0,0,0,0,0,0,0,0,0,0,0,0,0,0,0,0,0,0,0,0,0,76,11,1.0,1.0,0.0,0.0,0.14,0.07,0.0,255,18,0.07,0.06,0.0,0.0,1.0,1.0,0.0,0.0
0,0,0,0,0,0,0,0,0,0,0,0,0,0,0,0,0,0,0,0,0,0,226,15,0.0,0.0,1.0,1.0,0.07,0.07,0.0,255,15,0.06,0.07,0.0,0.0,0.0,0.0,1.0,1.0
0,0,0,0,0,0,0,0,0,0,0,0,0,0,0,0,0,0,0,0,0,0,101,18,0.0,0.0,1.0,1.0,0.18,0.07,0.0,255,17,0.07,0.08,0.0,0.0,0.0,0.0,1.0,1.0
0,0,0,0,0,0,0,0,0,0,0,0,0,0,0,0,0,0,0,0,0,0,138,15,1.0,1.0,0.0,0.0,0.11,0.06,0.0,255,7,0.03,0.08,0.0,0.0,1.0,1.0,0.0,0.0
0,0,0,0,0,0,0,0,0,0,0,0,0,0,0,0,0,0,0,0,0,0,130,4,1.0,1.0,0.0,0.0,0.03,0.07,0.0,255,4,0.02,0.07,0.0,0.0,1.0,1.0,0.0,0.0
0,0,0,0,0,0,0,0,0,0,0,0,0,0,0,0,0,0,0,0,0,0,266,16,1.0,1.0,0.0,0.0,0.06,0.05,0.0,255,16,0.06,0.05,0.0,0.0,1.0,1.0,0.0,0.0
0,0,0,0,0,0,0,0,0,0,0,0,0,0,0,0,0,0,0,0,0,0,140,7,1.0,1.0,0.0,0.0,0.05,0.07,0.0,255,7,0.03,0.07,0.0,0.0,1.0,1.0,0.0,0.0
0,0,0,0,0,0,0,0,0,0,0,0,0,0,0,0,0,0,0,0,0,0,22,19,1.0,1.0,0.0,0.0,0.86,0.09,0.0,255,19,0.07,0.07,0.0,0.0,1.0,1.0,0.0,0.0
0,0,0,0,0,0,0,0,0,0,0,0,0,0,0,0,0,0,0,0,0,0,124,18,1.0,1.0,0.0,0.0,0.15,0.06,0.0,255,33,0.13,0.05,0.0,0.0,1.0,1.0,0.0,0.0
0,0,0,0,29200,2920,0,0,0,1,0,1,0,0,0,0,0,0,0,0,0,0,4,4,0.0,0.0,0.75,0.75,1.0,0.0,0.0,255,255,1.0,0.0,0.0,0.0,0.0,0.0,0.04,0.04
0,0,0,0,0,0,0,0,0,0,0,0,0,0,0,0,0,0,0,0,0,0,212,15,1.0,1.0,0.0,0.0,0.07,0.06,0.0,255,14,0.05,0.07,0.0,0.0,1.0,1.0,0.0,0.0
0,0,0,0,0,0,0,0,0,0,0,0,0,0,0,0,0,0,0,0,0,0,120,6,1.0,1.0,0.0,0.0,0.05,0.05,0.0,255,6,0.02,0.06,0.0,0.0,1.0,1.0,0.0,0.0
0,0,0,0,0,0,0,0,0,0,0,0,0,0,0,0,0,0,0,0,0,0,86,5,1.0,1.0,0.0,0.0,0.06,0.07,0.0,255,5,0.02,0.06,0.0,0.0,1.0,1.0,0.0,0.0
0,0,0,0,0,0,0,0,0,0,0,0,0,0,0,0,0,0,0,0,0,0,29,2,1.0,1.0,0.0,0.0,0.07,0.14,0.0,255,62,0.24,0.02,0.01,0.0,1.0,1.0,0.0,0.0
0,0,0,0,0,0,0,0,0,0,0,0,0,0,0,0,0,0,0,0,0,0,294,25,1.0,1.0,0.0,0.0,0.09,0.05,0.0,255,25,0.1,0.07,0.0,0.0,1.0,1.0,0.0,0.0
0,0,0,0,0,0,0,0,0,0,0,0,0,0,0,0,0,0,0,0,0,0,33,8,1.0,1.0,0.0,0.0,0.24,0.12,0.0,255,63,0.25,0.02,0.02,0.0,1.0,1.0,0.0,0.0
0,0,0,0,0,0,0,0,0,0,0,0,0,0,0,0,0,0,0,0,0,0,215,19,1.0,1.0,0.0,0.0,0.09,0.06,0.0,255,19,0.07,0.08,0.0,0.0,1.0,1.0,0.0,0.0
0,0,0,0,0,0,0,0,0,0,0,0,0,0,0,0,0,0,0,0,0,0,77,16,1.0,1.0,0.0,0.0,0.21,0.08,0.0,255,16,0.06,0.07,0.0,0.0,1.0,1.0,0.0,0.0
0,0,0,0,0,0,0,0,0,0,0,0,0,0,0,0,0,0,0,0,0,0,123,17,1.0,1.0,0.0,0.0,0.14,0.07,0.0,123,17,0.14,0.08,0.01,0.0,1.0,1.0,0.0,0.0
0,0,0,0,0,0,0,0,0,0,0,0,0,0,0,0,0,0,0,0,0,0,24,12,1.0,1.0,0.0,0.0,0.5,0.08,0.0,255,59,0.23,0.04,0.0,0.0,1.0,1.0,0.0,0.0
0,0,0,0,1032,0,0,0,0,0,0,0,0,0,0,0,0,0,0,0,0,0,231,231,0.0,0.0,0.0,0.0,1.0,0.0,0.0,255,255,1.0,0.0,1.0,0.0,0.0,0.0,0.0,0.0
0,0,0,0,28,0,0,3,0,0,0,0,0,0,0,0,0,0,0,0,0,0,37,37,0.0,0.0,0.0,0.0,1.0,0.0,0.0,250,37,0.15,0.65,0.15,0.0,0.02,0.0,0.53,0.0
0,0,0,0,0,0,0,0,0,0,0,0,0,0,0,0,0,0,0,0,0,0,253,3,1.0,1.0,0.0,0.0,0.01,0.06,0.0,255,3,0.01,0.05,0.0,0.0,1.0,1.0,0.0,0.0
0,0,0,0,1032,0,0,0,0,0,0,0,0,0,0,0,0,0,0,0,0,0,511,511,0.0,0.0,0.0,0.0,1.0,0.0,0.0,255,21,0.08,0.18,0.08,0.0,0.0,0.0,0.0,0.0
0,0,0,0,0,0,0,0,0,0,0,0,0,0,0,0,0,0,0,0,0,0,135,6,1.0,1.0,0.0,0.0,0.04,0.06,0.0,246,6,0.02,0.07,0.0,0.0,1.0,1.0,0.0,0.0
0,0,0,0,0,0,0,0,0,0,0,0,0,0,0,0,0,0,0,0,0,0,38,18,1.0,1.0,0.0,0.0,0.47,0.05,0.0,40,64,0.45,0.08,0.03,0.03,0.95,0.28,0.0,0.0
0,0,0,0,0,0,0,0,0,0,0,0,0,0,0,0,0,0,0,0,0,0,273,13,0.0,0.0,1.0,1.0,0.05,0.06,0.0,255,13,0.05,0.07,0.0,0.0,0.0,0.0,1.0,1.0
0,0,0,0,0,0,0,0,0,0,0,0,0,0,0,0,0,0,0,0,0,0,282,11,1.0,1.0,0.0,0.0,0.04,0.06,0.0,255,11,0.04,0.07,0.0,0.0,1.0,1.0,0.0,0.0
0,0,0,0,1032,0,0,0,0,0,0,0,0,0,0,0,0,0,0,0,0,0,510,510,0.0,0.0,0.0,0.0,1.0,0.0,0.0,255,80,0.31,0.13,0.31,0.0,0.0,0.0,0.0,0.0
0,0,0,0,0,0,0,0,0,0,0,0,0,0,0,0,0,0,0,0,0,0,285,5,1.0,1.0,0.0,0.0,0.02,0.06,0.0,255,8,0.03,0.07,0.0,0.0,1.0,1.0,0.0,0.0
0,0,0,0,0,0,0,0,0,0,0,0,0,0,0,0,0,0,0,0,0,0,72,25,1.0,1.0,0.0,0.0,0.35,0.07,0.0,255,25,0.1,0.05,0.0,0.0,1.0,1.0,0.0,0.0
0,0,0,0,28,0,0,3,0,0,0,0,0,0,0,0,0,0,0,0,0,0,43,43,0.0,0.0,0.0,0.0,1.0,0.0,0.0,255,43,0.17,0.01,0.17,0.0,0.0,0.0,0.0,0.0
0,0,0,0,0,0,0,0,0,0,0,0,0,0,0,0,0,0,0,0,0,0,150,8,1.0,1.0,0.0,0.0,0.05,0.07,0.0,255,8,0.03,0.07,0.0,0.0,1.0,1.0,0.0,0.0
0,0,0,0,0,0,0,0,0,0,0,0,0,0,0,0,0,0,0,0,0,0,143,18,1.0,1.0,0.0,0.0,0.13,0.05,0.0,255,6,0.02,0.06,0.0,0.0,1.0,1.0,0.0,0.0
0,0,0,0,0,0,0,0,0,0,0,0,0,0,0,0,0,0,0,0,0,0,144,14,0.0,0.0,1.0,1.0,0.1,0.06,0.0,255,5,0.02,0.08,0.0,0.0,0.0,0.0,1.0,1.0
0,0,0,0,1032,0,0,0,0,0,0,0,0,0,0,0,0,0,0,0,0,0,511,511,0.0,0.0,0.0,0.0,1.0,0.0,0.0,255,20,0.08,0.18,0.08,0.0,0.0,0.0,0.0,0.0
0,0,0,0,0,0,0,0,0,0,0,0,0,0,0,0,0,0,0,0,0,0,145,6,1.0,1.0,0.0,0.0,0.04,0.06,0.0,255,5,0.02,0.07,0.0,0.0,1.0,1.0,0.0,0.0
0,0,0,0,0,0,0,0,0,0,0,0,0,0,0,0,0,0,0,0,0,0,277,10,0.0,0.0,1.0,1.0,0.04,0.06,0.0,255,10,0.04,0.06,0.0,0.0,0.0,0.0,1.0,1.0
0,0,0,0,0,0,0,0,0,0,0,0,0,0,0,0,0,0,0,0,0,0,233,21,1.0,1.0,0.0,0.0,0.09,0.05,0.0,255,21,0.08,0.05,0.0,0.0,1.0,1.0,0.0,0.0
0,0,0,0,0,0,0,0,0,0,0,0,0,0,0,0,0,0,0,0,0,0,278,16,1.0,1.0,0.0,0.0,0.06,0.06,0.0,255,3,0.01,0.07,0.0,0.0,1.0,1.0,0.0,0.0
0,0,0,0,0,0,0,0,0,0,0,0,0,0,0,0,0,0,0,0,0,0,272,10,1.0,1.0,0.0,0.0,0.04,0.06,0.0,255,2,0.01,0.08,0.0,0.0,1.0,1.0,0.0,0.0
0,0,0,0,0,0,0,0,0,0,0,0,0,0,0,0,0,0,0,0,0,0,255,19,1.0,1.0,0.0,0.0,0.07,0.05,0.0,255,19,0.07,0.05,0.0,0.0,1.0,1.0,0.0,0.0
0,0,0,0,0,0,0,0,0,0,0,0,0,0,0,0,0,0,0,0,0,0,221,11,0.0,0.0,1.0,1.0,0.05,0.06,0.0,255,11,0.04,0.07,0.0,0.0,0.0,0.0,1.0,1.0
0,0,0,0,0,0,0,0,0,0,0,0,0,0,0,0,0,0,0,0,0,0,118,8,1.0,1.0,0.0,0.0,0.07,0.06,0.0,255,8,0.03,0.05,0.0,0.0,1.0,1.0,0.0,0.0
0,0,0,0,0,0,0,0,0,0,0,0,0,0,0,0,0,0,0,0,0,0,235,18,0.0,0.0,1.0,1.0,0.08,0.06,0.0,255,18,0.07,0.07,0.0,0.0,0.0,0.0,1.0,1.0
0,0,0,0,0,0,0,0,0,0,0,0,0,0,0,0,0,0,0,0,0,0,125,20,1.0,1.0,0.0,0.0,0.16,0.06,0.0,255,20,0.08,0.07,0.0,0.0,1.0,1.0,0.0,0.0
0,0,0,0,0,0,0,0,0,0,0,0,0,0,0,0,0,0,0,0,0,0,276,14,0.0,0.0,1.0,1.0,0.05,0.06,0.0,255,14,0.05,0.07,0.0,0.0,0.0,0.0,1.0,1.0
0,0,0,0,28,0,0,3,0,0,0,0,0,0,0,0,0,0,0,0,0,0,40,40,0.0,0.0,0.0,0.0,1.0,0.0,0.0,255,40,0.16,0.02,0.16,0.0,0.0,0.0,0.0,0.0
0,0,0,0,0,0,0,0,0,0,0,0,0,0,0,0,0,0,0,0,0,0,234,10,1.0,1.0,0.0,0.0,0.04,0.07,0.0,255,1,0.0,0.08,0.0,0.0,1.0,1.0,0.0,0.0
0,0,0,0,0,0,0,0,0,0,0,0,0,0,0,0,0,0,0,0,0,0,291,14,1.0,1.0,0.0,0.0,0.05,0.05,0.0,255,14,0.05,0.05,0.0,0.0,1.0,1.0,0.0,0.0
0,0,0,0,0,0,0,0,0,0,0,0,0,0,0,0,0,0,0,0,0,0,126,14,1.0,1.0,0.0,0.0,0.11,0.06,0.0,255,7,0.03,0.06,0.0,0.0,1.0,1.0,0.0,0.0
0,0,0,0,0,0,0,0,0,0,0,0,0,0,0,0,0,0,0,0,0,0,37,9,1.0,1.0,0.0,0.0,0.24,0.11,0.0,255,55,0.22,0.04,0.01,0.0,1.0,1.0,0.0,0.0
0,0,0,0,0,0,0,0,0,0,0,0,0,0,0,0,0,0,0,0,0,0,291,19,1.0,1.0,0.0,0.0,0.07,0.06,0.0,255,19,0.07,0.08,0.0,0.0,1.0,1.0,0.0,0.0
0,0,0,0,0,0,0,0,0,0,0,0,0,0,0,0,0,0,0,0,0,0,135,18,1.0,1.0,0.0,0.0,0.13,0.04,0.0,255,6,0.02,0.06,0.0,0.0,1.0,1.0,0.0,0.0
0,0,0,0,0,0,0,0,0,0,0,0,0,0,0,0,0,0,0,0,0,0,228,17,1.0,1.0,0.0,0.0,0.07,0.06,0.0,255,18,0.07,0.08,0.0,0.0,1.0,1.0,0.0,0.0
0,0,0,0,0,0,0,0,0,0,0,0,0,0,0,0,0,0,0,0,0,0,178,4,1.0,1.0,0.0,0.0,0.02,0.06,0.0,255,17,0.07,0.07,0.0,0.0,1.0,1.0,0.0,0.0
0,0,0,0,0,0,0,0,0,0,0,0,0,0,0,0,0,0,0,0,0,0,113,4,1.0,1.0,0.0,0.0,0.04,0.08,0.0,57,4,0.07,0.14,0.02,0.0,1.0,1.0,0.0,0.0
0,0,0,0,0,0,0,0,0,0,0,0,0,0,0,0,0,0,0,0,0,0,103,10,1.0,1.0,0.0,0.0,0.1,0.06,0.0,255,11,0.04,0.06,0.0,0.0,1.0,1.0,0.0,0.0
0,0,0,0,28,0,0,3,0,0,0,0,0,0,0,0,0,0,0,0,0,0,23,23,0.0,0.0,0.0,0.0,1.0,0.0,0.0,255,23,0.09,0.02,0.09,0.0,0.0,0.0,0.0,0.0
0,0,0,0,0,0,0,0,0,0,0,0,0,0,0,0,0,0,0,0,0,0,136,19,0.0,0.0,1.0,1.0,0.14,0.06,0.0,255,19,0.07,0.06,0.0,0.0,0.0,0.0,1.0,1.0
0,0,0,0,0,0,0,0,0,0,0,0,0,0,0,0,0,0,0,0,0,0,295,18,1.0,1.0,0.0,0.0,0.06,0.06,0.0,255,2,0.01,0.07,0.0,0.0,1.0,1.0,0.0,0.0
0,0,0,0,1032,0,0,0,0,0,0,0,0,0,0,0,0,0,0,0,0,0,245,245,0.0,0.0,0.0,0.0,1.0,0.0,0.0,255,245,0.96,0.01,0.96,0.0,0.0,0.0,0.0,0.0
0,0,0,0,0,0,0,0,0,0,0,0,0,0,0,0,0,0,0,0,0,0,18,17,1.0,1.0,0.0,0.0,0.94,0.11,0.0,255,17,0.07,0.07,0.0,0.0,1.0,1.0,0.0,0.0
0,0,0,0,0,0,0,0,0,0,0,0,0,0,0,0,0,0,0,0,0,0,102,23,1.0,1.0,0.0,0.0,0.23,0.05,0.0,255,6,0.02,0.05,0.0,0.0,1.0,1.0,0.0,0.0
0,0,0,0,0,0,0,0,0,0,0,0,0,0,0,0,0,0,0,0,0,0,231,7,1.0,1.0,0.0,0.0,0.03,0.06,0.0,255,7,0.03,0.07,0.0,0.0,1.0,1.0,0.0,0.0
0,0,0,0,1032,0,0,0,0,0,0,0,0,0,0,0,0,0,0,0,0,0,454,454,0.0,0.0,0.0,0.0,1.0,0.0,0.0,255,255,1.0,0.0,1.0,0.0,0.0,0.0,0.0,0.0
0,0,0,0,0,0,0,0,0,0,0,0,0,0,0,0,0,0,0,0,0,0,26,6,1.0,1.0,0.0,0.0,0.23,0.08,0.0,48,10,0.17,0.06,0.06,0.2,0.96,0.6,0.0,0.0
0,0,0,0,1480,0,0,1,0,0,0,0,0,0,0,0,0,0,0,0,0,0,1,3,0.0,0.0,0.0,0.0,1.0,0.0,0.67,1,37,1.0,0.0,1.0,0.51,0.0,0.0,0.0,0.0
0,0,0,0,0,0,0,0,0,0,0,0,0,0,0,0,0,0,0,0,0,0,199,1,0.0,0.0,1.0,1.0,0.01,0.07,0.0,255,1,0.0,0.07,0.0,0.0,0.0,0.0,1.0,1.0
0,0,0,0,0,0,0,0,0,0,0,0,0,0,0,0,0,0,0,0,0,0,284,13,1.0,1.0,0.0,0.0,0.05,0.06,0.0,255,13,0.05,0.07,0.0,0.0,1.0,1.0,0.0,0.0
0,0,0,0,0,0,0,0,0,0,0,0,0,0,0,0,0,0,0,0,0,0,264,8,0.0,0.0,1.0,1.0,0.03,0.06,0.0,255,8,0.03,0.08,0.0,0.0,0.0,0.0,1.0,1.0
0,0,0,0,0,0,0,0,0,0,0,0,0,0,0,0,0,0,0,0,0,0,278,5,1.0,1.0,0.0,0.0,0.02,0.06,0.0,255,5,0.02,0.07,0.0,0.0,1.0,1.0,0.0,0.0
0,0,0,0,0,0,0,0,0,0,0,0,0,0,0,0,0,0,0,0,0,0,298,25,1.0,1.0,0.0,0.0,0.08,0.04,0.0,158,25,0.16,0.06,0.01,0.0,0.99,1.0,0.0,0.0
0,0,0,0,0,0,0,0,0,0,0,0,0,0,0,0,0,0,0,0,0,0,127,12,0.0,0.0,1.0,1.0,0.09,0.06,0.0,255,12,0.05,0.08,0.0,0.0,0.0,0.0,1.0,1.0
0,0,0,0,0,0,0,0,0,0,0,0,0,0,0,0,0,0,0,0,0,0,10,7,1.0,1.0,0.0,0.0,0.7,0.2,0.0,255,61,0.24,0.04,0.0,0.0,1.0,1.0,0.0,0.0
0,0,0,0,1032,0,0,0,0,0,0,0,0,0,0,0,0,0,0,0,0,0,511,511,0.0,0.0,0.0,0.0,1.0,0.0,0.0,223,78,0.35,0.01,0.35,0.0,0.0,0.0,0.0,0.0
0,0,0,0,0,0,0,0,0,0,0,0,0,0,0,0,0,0,0,0,0,0,70,12,1.0,1.0,0.0,0.0,0.17,0.09,0.0,255,12,0.05,0.07,0.0,0.0,1.0,1.0,0.0,0.0
0,0,0,0,28,0,0,3,0,0,0,0,0,0,0,0,0,0,0,0,0,0,58,58,0.0,0.0,0.0,0.0,1.0,0.0,0.0,255,25,0.1,0.01,0.1,0.0,0.0,0.0,0.0,0.0
0,0,0,0,0,0,0,0,0,0,0,0,0,0,0,0,0,0,0,0,0,0,130,12,1.0,1.0,0.0,0.0,0.09,0.06,0.0,33,4,0.12,0.15,0.03,0.0,1.0,1.0,0.0,0.0
0,0,0,0,0,0,0,0,0,0,0,0,0,0,0,0,0,0,0,0,0,0,233,9,1.0,1.0,0.0,0.0,0.04,0.07,0.0,255,9,0.04,0.07,0.0,0.0,1.0,1.0,0.0,0.0
0,0,0,0,0,0,0,0,0,0,0,0,0,0,0,0,0,0,0,0,0,0,102,6,1.0,1.0,0.0,0.0,0.06,0.06,0.0,255,18,0.07,0.06,0.0,0.0,1.0,1.0,0.0,0.0
0,0,0,0,0,0,0,0,0,0,0,0,0,0,0,0,0,0,0,0,0,0,254,8,1.0,1.0,0.0,0.0,0.03,0.06,0.0,255,8,0.03,0.05,0.0,0.0,1.0,1.0,0.0,0.0
0,0,0,0,0,0,0,0,0,0,0,0,0,0,0,0,0,0,0,0,0,0,206,9,1.0,1.0,0.0,0.0,0.04,0.06,0.0,255,13,0.05,0.07,0.0,0.0,1.0,1.0,0.0,0.0
0,0,0,0,0,0,0,0,0,0,0,0,0,0,0,0,0,0,0,0,0,0,116,16,1.0,1.0,0.0,0.0,0.14,0.07,0.0,255,5,0.02,0.08,0.0,0.0,1.0,1.0,0.0,0.0
0,0,0,0,0,0,0,0,0,0,0,0,0,0,0,0,0,0,0,0,0,0,89,2,1.0,1.0,0.0,0.0,0.02,0.07,0.0,255,4,0.02,0.07,0.0,0.0,1.0,1.0,0.0,0.0
0,0,0,0,0,0,0,0,0,0,0,0,0,0,0,0,0,0,0,0,0,0,141,13,1.0,1.0,0.0,0.0,0.09,0.06,0.0,255,13,0.05,0.05,0.0,0.0,1.0,1.0,0.0,0.0
0,0,0,0,0,0,0,0,0,0,0,0,0,0,0,0,0,0,0,0,0,0,234,9,1.0,1.0,0.0,0.0,0.04,0.06,0.0,255,9,0.04,0.07,0.0,0.0,1.0,1.0,0.0,0.0
0,0,0,0,0,0,0,0,0,0,0,0,0,0,0,0,0,0,0,0,0,0,291,24,1.0,1.0,0.0,0.0,0.08,0.05,0.0,255,24,0.09,0.05,0.0,0.0,1.0,1.0,0.0,0.0
0,0,0,0,0,0,0,0,0,0,0,0,0,0,0,0,0,0,0,0,0,0,284,17,1.0,1.0,0.0,0.0,0.06,0.05,0.0,255,14,0.05,0.07,0.0,0.0,1.0,1.0,0.0,0.0
0,0,0,0,0,0,0,0,0,0,0,0,0,0,0,0,0,0,0,0,0,0,128,3,0.0,0.0,1.0,1.0,0.02,0.07,0.0,255,3,0.01,0.07,0.0,0.0,0.0,0.0,1.0,1.0
0,0,0,0,0,0,0,0,0,0,0,0,0,0,0,0,0,0,0,0,0,0,116,11,1.0,1.0,0.0,0.0,0.09,0.08,0.0,255,11,0.04,0.09,0.0,0.0,1.0,1.0,0.0,0.0
0,0,0,0,0,0,0,0,0,0,0,0,0,0,0,0,0,0,0,0,0,0,42,20,0.95,1.0,0.05,0.0,0.48,0.1,0.0,255,20,0.08,0.06,0.0,0.0,1.0,1.0,0.0,0.0
0,0,0,0,0,0,0,0,0,0,0,0,0,0,0,0,0,0,0,0,0,0,146,9,1.0,1.0,0.0,0.0,0.06,0.05,0.0,255,9,0.04,0.06,0.0,0.0,1.0,1.0,0.0,0.0
0,0,0,0,1032,0,0,0,0,0,0,0,0,0,0,0,0,0,0,0,0,0,511,511,0.0,0.0,0.0,0.0,1.0,0.0,0.0,255,223,0.87,0.08,0.87,0.0,0.0,0.0,0.0,0.0
0,0,0,0,0,0,0,0,0,0,0,0,0,0,0,0,0,0,0,0,0,0,241,10,1.0,1.0,0.0,0.0,0.04,0.06,0.0,255,10,0.04,0.06,0.0,0.0,1.0,1.0,0.0,0.0
0,0,0,0,0,0,0,0,0,0,0,0,0,0,0,0,0,0,0,0,0,0,113,11,1.0,1.0,0.0,0.0,0.1,0.05,0.0,255,11,0.04,0.05,0.0,0.0,1.0,1.0,0.0,0.0
0,0,0,0,0,0,0,0,0,0,0,0,0,0,0,0,0,0,0,0,0,0,112,1,1.0,1.0,0.0,0.0,0.01,0.07,0.0,255,15,0.06,0.08,0.0,0.0,1.0,1.0,0.0,0.0
0,0,0,0,0,0,0,0,0,0,0,0,0,0,0,0,0,0,0,0,0,0,232,20,1.0,1.0,0.0,0.0,0.09,0.06,0.0,255,20,0.08,0.07,0.0,0.0,1.0,1.0,0.0,0.0
0,0,0,0,0,0,0,0,0,0,0,0,0,0,0,0,0,0,0,0,0,0,249,19,1.0,1.0,0.0,0.0,0.08,0.06,0.0,255,19,0.07,0.07,0.0,0.0,1.0,1.0,0.0,0.0
0,0,0,0,0,0,0,0,0,0,0,0,0,0,0,0,0,0,0,0,0,0,295,25,1.0,1.0,0.0,0.0,0.08,0.05,0.0,255,25,0.1,0.05,0.0,0.0,1.0,1.0,0.0,0.0
0,0,0,0,0,0,0,0,0,0,0,0,0,0,0,0,0,0,0,0,0,0,230,7,1.0,1.0,0.0,0.0,0.03,0.07,0.0,255,8,0.03,0.07,0.0,0.0,1.0,1.0,0.0,0.0
0,0,0,0,0,0,0,0,0,0,0,0,0,0,0,0,0,0,0,0,0,0,95,15,1.0,1.0,0.0,0.0,0.16,0.05,0.0,255,4,0.02,0.07,0.0,0.0,1.0,1.0,0.0,0.0
0,0,0,0,0,0,0,0,0,0,0,0,0,0,0,0,0,0,0,0,0,0,66,11,0.0,0.0,1.0,1.0,0.17,0.09,0.0,255,11,0.04,0.07,0.0,0.0,0.0,0.0,1.0,1.0
0,0,0,0,0,0,0,0,0,0,0,0,0,0,0,0,0,0,0,0,0,0,239,6,1.0,1.0,0.0,0.0,0.03,0.06,0.0,255,6,0.02,0.07,0.0,0.0,1.0,1.0,0.0,0.0
0,0,0,0,0,0,0,0,0,0,0,0,0,0,0,0,0,0,0,0,0,0,256,14,1.0,1.0,0.0,0.0,0.05,0.05,0.0,255,14,0.05,0.05,0.0,0.0,1.0,1.0,0.0,0.0
0,0,0,0,0,0,0,0,0,0,0,0,0,0,0,0,0,0,0,0,0,0,188,15,1.0,1.0,0.0,0.0,0.08,0.06,0.0,255,5,0.02,0.07,0.0,0.0,1.0,1.0,0.0,0.0
0,0,0,0,0,0,0,0,0,0,0,0,0,0,0,0,0,0,0,0,0,0,250,2,0.0,0.0,1.0,1.0,0.01,0.07,0.0,255,2,0.01,0.07,0.0,0.0,0.0,0.0,1.0,1.0
0,0,0,0,0,0,0,0,0,0,0,0,0,0,0,0,0,0,0,0,0,0,89,20,0.0,0.0,1.0,1.0,0.22,0.07,0.0,255,20,0.08,0.06,0.0,0.0,0.0,0.0,1.0,1.0
0,0,0,0,0,0,0,0,0,0,0,0,0,0,0,0,0,0,0,0,0,0,123,14,0.0,0.0,1.0,1.0,0.11,0.07,0.0,255,14,0.05,0.07,0.0,0.0,0.0,0.0,1.0,1.0
0,0,0,0,54540,8314,0,0,0,2,0,1,1,0,0,0,0,0,0,0,0,0,4,4,0.0,0.0,0.0,0.0,1.0,0.0,0.0,80,80,1.0,0.0,0.01,0.0,0.0,0.0,0.04,0.04
0,0,0,0,0,0,0,0,0,0,0,0,0,0,0,0,0,0,0,0,0,0,20,2,1.0,1.0,0.0,0.0,0.1,0.3,0.0,255,2,0.01,0.08,0.0,0.0,1.0,1.0,0.0,0.0
0,0,0,0,0,0,0,0,0,0,0,0,0,0,0,0,0,0,0,0,0,0,231,6,0.0,0.0,1.0,1.0,0.03,0.07,0.0,255,6,0.02,0.08,0.0,0.0,0.0,0.0,1.0,1.0
0,0,0,0,0,0,0,0,0,0,0,0,0,0,0,0,0,0,0,0,0,0,223,19,1.0,1.0,0.0,0.0,0.09,0.06,0.0,255,19,0.07,0.06,0.0,0.0,1.0,1.0,0.0,0.0
0,0,0,0,0,0,0,0,0,0,0,0,0,0,0,0,0,0,0,0,0,0,155,20,1.0,1.0,0.0,0.0,0.13,0.06,0.0,255,20,0.08,0.07,0.0,0.0,1.0,1.0,0.0,0.0
0,0,0,0,0,0,0,0,0,0,0,0,0,0,0,0,0,0,0,0,0,0,123,12,1.0,1.0,0.0,0.0,0.1,0.07,0.0,233,12,0.05,0.07,0.0,0.0,1.0,1.0,0.0,0.0
0,0,0,0,0,0,0,0,0,0,0,0,0,0,0,0,0,0,0,0,0,0,12,13,1.0,0.92,0.0,0.08,1.0,0.0,0.15,12,12,1.0,0.0,0.08,0.0,1.0,1.0,0.0,0.0
0,0,0,0,0,0,0,0,0,0,0,0,0,0,0,0,0,0,0,0,0,0,39,3,1.0,1.0,0.0,0.0,0.08,0.15,0.0,255,17,0.07,0.09,0.0,0.0,1.0,1.0,0.0,0.0
0,0,0,0,0,0,0,0,0,0,0,0,0,0,0,0,0,0,0,0,0,0,143,16,0.0,0.0,1.0,1.0,0.11,0.06,0.0,255,16,0.06,0.06,0.0,0.0,0.0,0.0,1.0,1.0
0,0,0,0,0,0,0,0,0,0,0,0,0,0,0,0,0,0,0,0,0,0,195,7,1.0,1.0,0.0,0.0,0.04,0.07,0.0,255,22,0.09,0.07,0.0,0.0,1.0,1.0,0.0,0.0
0,0,0,0,520,0,0,0,0,0,0,0,0,0,0,0,0,0,0,0,0,0,286,286,0.0,0.0,0.0,0.0,1.0,0.0,0.0,255,255,1.0,0.0,1.0,0.0,0.0,0.0,0.0,0.0
0,0,0,0,0,0,0,0,0,0,0,0,0,0,0,0,0,0,0,0,0,0,34,12,0.97,0.92,0.03,0.08,0.32,0.15,0.17,255,31,0.12,0.05,0.02,0.0,1.0,1.0,0.0,0.0
0,0,0,0,0,0,0,0,0,0,0,0,0,0,0,0,0,0,0,0,0,0,285,11,1.0,1.0,0.0,0.0,0.04,0.06,0.0,255,11,0.04,0.07,0.0,0.0,1.0,1.0,0.0,0.0
0,0,0,0,0,0,0,0,0,0,0,0,0,0,0,0,0,0,0,0,0,0,241,6,0.0,0.0,1.0,1.0,0.02,0.07,0.0,255,6,0.02,0.07,0.0,0.0,0.0,0.0,1.0,1.0
0,0,0,0,0,0,0,0,0,0,0,0,0,0,0,0,0,0,0,0,0,0,235,19,1.0,1.0,0.0,0.0,0.08,0.05,0.0,255,19,0.07,0.06,0.0,0.0,1.0,1.0,0.0,0.0
0,0,0,0,28,0,0,3,0,0,0,0,0,0,0,0,0,0,0,0,0,0,10,10,0.0,0.0,0.0,0.0,1.0,0.0,0.0,223,10,0.04,0.73,0.04,0.0,0.03,0.0,0.59,0.0
0,0,0,0,0,0,0,0,0,0,0,0,0,0,0,0,0,0,0,0,0,0,254,1,1.0,1.0,0.0,0.0,0.0,0.07,0.0,255,1,0.0,0.07,0.0,0.0,1.0,1.0,0.0,0.0
0,0,0,0,0,0,0,0,0,0,0,0,0,0,0,0,0,0,0,0,0,0,124,14,1.0,1.0,0.0,0.0,0.11,0.06,0.0,255,11,0.04,0.06,0.0,0.0,1.0,1.0,0.0,0.0
0,0,0,0,0,0,0,0,0,0,0,0,0,0,0,0,0,0,0,0,0,0,269,24,1.0,1.0,0.0,0.0,0.09,0.05,0.0,255,24,0.09,0.05,0.0,0.0,1.0,1.0,0.0,0.0
0,0,0,0,0,0,0,0,0,0,0,0,0,0,0,0,0,0,0,0,0,0,231,15,0.0,0.0,1.0,1.0,0.06,0.06,0.0,255,26,0.1,0.07,0.0,0.0,0.0,0.0,1.0,1.0
0,0,0,0,0,0,0,0,0,0,0,0,0,0,0,0,0,0,0,0,0,0,298,20,0.0,0.0,1.0,1.0,0.07,0.06,0.0,255,20,0.08,0.07,0.0,0.0,0.0,0.0,1.0,1.0
0,0,0,0,0,0,0,0,0,0,0,0,0,0,0,0,0,0,0,0,0,0,269,5,1.0,1.0,0.0,0.0,0.02,0.06,0.0,255,5,0.02,0.08,0.0,0.0,1.0,1.0,0.0,0.0
0,0,0,0,0,0,0,0,0,0,0,0,0,0,0,0,0,0,0,0,0,0,126,3,1.0,1.0,0.0,0.0,0.02,0.06,0.0,255,3,0.01,0.05,0.0,0.0,1.0,1.0,0.0,0.0
0,0,0,0,0,0,0,0,0,0,0,0,0,0,0,0,0,0,0,0,0,0,243,1,1.0,1.0,0.0,0.0,0.0,0.05,0.0,184,1,0.01,0.07,0.01,0.0,0.92,1.0,0.01,0.0
0,0,0,0,0,0,0,0,0,0,0,0,0,0,0,0,0,0,0,0,0,0,299,19,1.0,1.0,0.0,0.0,0.06,0.05,0.0,255,3,0.01,0.07,0.0,0.0,1.0,1.0,0.0,0.0
0,0,0,0,0,0,0,0,0,0,0,0,0,0,0,0,0,0,0,0,0,0,136,11,1.0,1.0,0.0,0.0,0.08,0.06,0.0,255,9,0.04,0.07,0.0,0.0,1.0,1.0,0.0,0.0
0,0,0,0,0,0,0,0,0,0,0,0,0,0,0,0,0,0,0,0,0,0,103,13,1.0,1.0,0.0,0.0,0.13,0.06,0.0,255,14,0.05,0.07,0.0,0.0,1.0,1.0,0.0,0.0
0,0,0,0,0,0,0,0,0,0,0,0,0,0,0,0,0,0,0,0,0,0,239,4,1.0,1.0,0.0,0.0,0.02,0.07,0.0,255,4,0.02,0.08,0.0,0.0,1.0,1.0,0.0,0.0
0,0,0,0,0,0,0,0,0,0,0,0,0,0,0,0,0,0,0,0,0,0,249,13,0.0,0.0,1.0,1.0,0.05,0.06,0.0,255,13,0.05,0.07,0.0,0.0,0.0,0.0,1.0,1.0
0,0,0,0,520,0,0,0,0,0,0,0,0,0,0,0,0,0,0,0,0,0,441,441,0.0,0.0,0.0,0.0,1.0,0.0,0.0,191,191,1.0,0.0,1.0,0.0,0.0,0.0,0.0,0.0
0,0,0,0,520,0,0,0,0,0,0,0,0,0,0,0,0,0,0,0,0,0,457,457,0.0,0.0,0.0,0.0,1.0,0.0,0.0,224,224,1.0,0.0,1.0,0.0,0.0,0.0,0.0,0.0
0,0,0,0,0,0,0,0,0,0,0,0,0,0,0,0,0,0,0,0,0,0,298,19,1.0,1.0,0.0,0.0,0.06,0.06,0.0,255,12,0.05,0.07,0.0,0.0,1.0,1.0,0.0,0.0
0,0,0,0,0,0,0,0,0,0,0,0,0,0,0,0,0,0,0,0,0,0,143,18,1.0,1.0,0.0,0.0,0.13,0.05,0.0,255,2,0.01,0.05,0.0,0.0,1.0,1.0,0.0,0.0
0,0,0,0,0,0,0,0,0,0,0,0,0,0,0,0,0,0,0,0,0,0,8,2,1.0,1.0,0.0,0.0,0.25,0.38,0.0,255,11,0.04,0.09,0.0,0.0,1.0,1.0,0.0,0.0
0,0,0,0,0,0,0,0,0,0,0,0,0,0,0,0,0,0,0,0,0,0,170,22,1.0,1.0,0.0,0.0,0.13,0.06,0.0,255,22,0.09,0.06,0.0,0.0,1.0,1.0,0.0,0.0
0,0,0,0,0,0,0,0,0,0,0,0,0,0,0,0,0,0,0,0,0,0,281,24,1.0,1.0,0.0,0.0,0.09,0.04,0.0,255,24,0.09,0.05,0.0,0.0,1.0,1.0,0.0,0.0
0,0,0,0,0,0,0,0,0,0,0,0,0,0,0,0,0,0,0,0,0,0,251,14,1.0,1.0,0.0,0.0,0.06,0.06,0.0,255,3,0.01,0.07,0.0,0.0,1.0,1.0,0.0,0.0
0,0,0,0,0,0,0,0,0,0,0,0,0,0,0,0,0,0,0,0,0,0,109,19,1.0,1.0,0.0,0.0,0.17,0.06,0.0,255,10,0.04,0.07,0.0,0.0,1.0,1.0,0.0,0.0
0,0,0,0,0,0,0,0,0,0,0,0,0,0,0,0,0,0,0,0,0,0,279,23,1.0,1.0,0.0,0.0,0.08,0.05,0.0,255,23,0.09,0.07,0.0,0.0,1.0,1.0,0.0,0.0
0,0,0,0,0,0,0,0,0,0,0,0,0,0,0,0,0,0,0,0,0,0,123,7,1.0,1.0,0.0,0.0,0.06,0.06,0.0,255,7,0.03,0.05,0.0,0.0,1.0,1.0,0.0,0.0
0,0,0,0,0,0,0,0,0,0,0,0,0,0,0,0,0,0,0,0,0,0,143,15,1.0,1.0,0.0,0.0,0.1,0.06,0.0,255,15,0.06,0.05,0.0,0.0,1.0,1.0,0.0,0.0
0,0,0,0,0,0,0,0,0,0,0,0,0,0,0,0,0,0,0,0,0,0,282,1,1.0,1.0,0.0,0.0,0.0,0.06,0.0,255,5,0.02,0.09,0.0,0.0,1.0,1.0,0.0,0.0
0,0,0,0,0,0,0,0,0,0,0,0,0,0,0,0,0,0,0,0,0,0,132,17,1.0,1.0,0.0,0.0,0.13,0.06,0.0,255,4,0.02,0.08,0.0,0.0,1.0,1.0,0.0,0.0
0,0,0,0,0,0,0,0,0,0,0,0,0,0,0,0,0,0,0,0,0,0,234,3,1.0,1.0,0.0,0.0,0.01,0.06,0.0,255,3,0.01,0.07,0.0,0.0,1.0,1.0,0.0,0.0
0,0,0,0,0,0,0,0,0,0,0,0,0,0,0,0,0,0,0,0,0,0,256,4,1.0,1.0,0.0,0.0,0.02,0.07,0.0,255,4,0.02,0.07,0.0,0.0,1.0,1.0,0.0,0.0
0,0,0,0,28,0,0,3,0,0,0,0,0,0,0,0,0,0,0,0,0,0,52,51,0.0,0.0,0.02,0.0,0.98,0.04,0.0,255,51,0.2,0.02,0.2,0.0,0.0,0.0,0.6,0.0
0,0,0,0,0,0,0,0,0,0,0,0,0,0,0,0,0,0,0,0,0,0,228,15,1.0,1.0,0.0,0.0,0.07,0.07,0.0,255,18,0.07,0.06,0.0,0.0,1.0,1.0,0.0,0.0
0,0,0,0,0,0,0,0,0,0,0,0,0,0,0,0,0,0,0,0,0,0,266,8,1.0,1.0,0.0,0.0,0.03,0.07,0.0,255,8,0.03,0.08,0.0,0.0,1.0,1.0,0.0,0.0
0,0,0,0,0,0,0,0,0,0,0,0,0,0,0,0,0,0,0,0,0,0,105,7,1.0,1.0,0.0,0.0,0.07,0.06,0.0,255,8,0.03,0.08,0.0,0.0,1.0,1.0,0.0,0.0
0,0,0,0,0,0,0,0,0,0,0,0,0,0,0,0,0,0,0,0,0,0,127,17,1.0,1.0,0.0,0.0,0.13,0.06,0.0,255,4,0.02,0.06,0.0,0.0,1.0,1.0,0.0,0.0
0,0,0,0,0,0,0,0,0,0,0,0,0,0,0,0,0,0,0,0,0,0,191,10,1.0,1.0,0.0,0.0,0.05,0.07,0.0,255,10,0.04,0.08,0.0,0.0,1.0,1.0,0.0,0.0
0,0,0,0,0,0,0,0,0,0,0,0,0,0,0,0,0,0,0,0,0,0,254,2,1.0,1.0,0.0,0.0,0.01,0.07,0.0,255,2,0.01,0.07,0.0,0.0,1.0,1.0,0.0,0.0
0,0,0,0,0,0,0,0,0,0,0,0,0,0,0,0,0,0,0,0,0,0,211,4,1.0,1.0,0.0,0.0,0.02,0.06,0.0,255,10,0.04,0.07,0.0,0.0,1.0,1.0,0.0,0.0
0,0,0,0,0,0,0,0,0,0,0,0,0,0,0,0,0,0,0,0,0,0,236,5,1.0,1.0,0.0,0.0,0.02,0.06,0.0,255,5,0.02,0.07,0.0,0.0,1.0,1.0,0.0,0.0
0,0,0,0,0,0,0,0,0,0,0,0,0,0,0,0,0,0,0,0,0,0,287,16,0.0,0.0,1.0,1.0,0.06,0.06,0.0,255,16,0.06,0.07,0.0,0.0,0.0,0.0,1.0,1.0
0,0,0,0,0,0,0,0,0,0,0,0,0,0,0,0,0,0,0,0,0,0,272,14,0.0,0.0,1.0,1.0,0.05,0.06,0.0,255,14,0.05,0.06,0.0,0.0,0.0,0.0,1.0,1.0
0,0,0,0,0,0,0,0,0,0,0,0,0,0,0,0,0,0,0,0,0,0,292,13,1.0,1.0,0.0,0.0,0.04,0.06,0.0,255,11,0.04,0.06,0.0,0.0,1.0,1.0,0.0,0.0
0,0,0,0,0,0,0,0,0,0,0,0,0,0,0,0,0,0,0,0,0,0,143,14,1.0,1.0,0.0,0.0,0.1,0.06,0.0,255,14,0.05,0.06,0.0,0.0,1.0,1.0,0.0,0.0
0,0,0,0,0,0,0,0,0,0,0,0,0,0,0,0,0,0,0,0,0,0,172,6,1.0,1.0,0.0,0.0,0.03,0.07,0.0,255,18,0.07,0.09,0.0,0.0,1.0,1.0,0.0,0.0
0,0,0,0,0,0,0,0,0,0,0,0,0,0,0,0,0,0,0,0,0,0,202,2,1.0,1.0,0.0,0.0,0.01,0.06,0.0,255,13,0.05,0.07,0.0,0.0,1.0,1.0,0.0,0.0
0,0,0,0,0,0,0,0,0,0,0,0,0,0,0,0,0,0,0,0,0,0,238,7,1.0,1.0,0.0,0.0,0.03,0.05,0.0,255,7,0.03,0.06,0.0,0.0,1.0,1.0,0.0,0.0
0,0,0,0,0,0,0,0,0,0,0,0,0,0,0,0,0,0,0,0,0,0,247,21,1.0,1.0,0.0,0.0,0.09,0.05,0.0,255,21,0.08,0.06,0.0,0.0,1.0,1.0,0.0,0.0
0,0,0,0,0,0,0,0,0,0,0,0,0,0,0,0,0,0,0,0,0,0,263,10,1.0,1.0,0.0,0.0,0.04,0.07,0.0,255,10,0.04,0.08,0.0,0.0,1.0,1.0,0.0,0.0
0,0,0,0,0,0,0,0,0,0,0,0,0,0,0,0,0,0,0,0,0,0,246,13,1.0,1.0,0.0,0.0,0.05,0.06,0.0,255,13,0.05,0.06,0.0,0.0,1.0,1.0,0.0,0.0
0,0,0,0,0,0,0,0,0,0,0,0,0,0,0,0,0,0,0,0,0,0,286,13,1.0,1.0,0.0,0.0,0.05,0.06,0.0,255,13,0.05,0.06,0.0,0.0,1.0,1.0,0.0,0.0
0,0,0,0,0,0,0,0,0,0,0,0,0,0,0,0,0,0,0,0,0,0,109,7,0.0,0.0,1.0,1.0,0.06,0.06,0.0,255,27,0.11,0.07,0.0,0.0,0.0,0.0,1.0,1.0
0,0,0,0,0,0,0,0,0,0,0,0,0,0,0,0,0,0,0,0,0,0,281,8,1.0,1.0,0.0,0.0,0.03,0.06,0.0,255,3,0.01,0.07,0.0,0.0,1.0,1.0,0.0,0.0
0,0,0,0,0,0,0,0,0,0,0,0,0,0,0,0,0,0,0,0,0,0,291,9,1.0,1.0,0.0,0.0,0.03,0.05,0.0,255,8,0.03,0.08,0.0,0.0,1.0,1.0,0.0,0.0
0,0,0,0,0,0,0,0,0,0,0,0,0,0,0,0,0,0,0,0,0,0,44,12,1.0,1.0,0.0,0.0,0.27,0.11,0.0,255,12,0.05,0.08,0.0,0.0,1.0,1.0,0.0,0.0
0,0,0,0,0,0,0,0,0,0,0,0,0,0,0,0,0,0,0,0,0,0,127,3,1.0,1.0,0.0,0.0,0.02,0.06,0.0,255,8,0.03,0.06,0.0,0.0,1.0,1.0,0.0,0.0
0,0,0,0,0,0,0,0,0,0,0,0,0,0,0,0,0,0,0,0,0,0,218,4,1.0,1.0,0.0,0.0,0.02,0.07,0.0,255,4,0.02,0.09,0.0,0.0,1.0,1.0,0.0,0.0
0,0,0,0,0,0,0,0,0,0,0,0,0,0,0,0,0,0,0,0,0,0,280,3,1.0,1.0,0.0,0.0,0.01,0.06,0.0,255,5,0.02,0.08,0.0,0.0,1.0,1.0,0.0,0.0
0,0,0,0,1032,0,0,0,0,0,0,0,0,0,0,0,0,0,0,0,0,0,511,511,0.0,0.0,0.0,0.0,1.0,0.0,0.0,155,10,0.06,0.02,0.06,0.0,0.0,0.0,0.0,0.0
0,0,0,0,1480,0,0,1,0,0,0,0,0,0,0,0,0,0,0,0,0,0,2,4,0.0,0.0,0.0,0.0,1.0,0.0,0.5,2,38,1.0,0.0,1.0,0.5,0.0,0.0,0.0,0.0
0,0,0,0,0,0,0,0,0,0,0,0,0,0,0,0,0,0,0,0,0,0,240,20,0.0,0.0,1.0,1.0,0.08,0.07,0.0,255,20,0.08,0.07,0.0,0.0,0.0,0.0,1.0,1.0
0,0,0,0,0,0,0,0,0,0,0,0,0,0,0,0,0,0,0,0,0,0,36,13,1.0,1.0,0.0,0.0,0.36,0.17,0.0,255,13,0.05,0.09,0.0,0.0,1.0,1.0,0.0,0.0
0,0,0,0,0,0,0,0,0,0,0,0,0,0,0,0,0,0,0,0,0,0,189,1,1.0,1.0,0.0,0.0,0.01,0.07,0.0,255,1,0.0,0.08,0.0,0.0,1.0,1.0,0.0,0.0
0,0,0,0,0,0,0,0,0,0,0,0,0,0,0,0,0,0,0,0,0,0,12,5,1.0,1.0,0.0,0.0,0.42,0.42,0.0,255,5,0.02,0.08,0.0,0.0,1.0,1.0,0.0,0.0
0,0,0,0,0,0,0,0,0,0,0,0,0,0,0,0,0,0,0,0,0,0,53,14,1.0,1.0,0.0,0.0,0.26,0.08,0.0,133,34,0.26,0.03,0.03,0.0,1.0,1.0,0.0,0.0
0,0,0,0,0,0,0,0,0,0,0,0,0,0,0,0,0,0,0,0,0,0,280,17,1.0,1.0,0.0,0.0,0.06,0.05,0.0,255,16,0.06,0.05,0.0,0.0,1.0,1.0,0.0,0.0
0,0,0,0,0,0,0,0,0,0,0,0,0,0,0,0,0,0,0,0,0,0,201,1,0.0,0.0,1.0,1.0,0.0,0.06,0.0,255,1,0.0,0.07,0.0,0.0,0.0,0.0,1.0,1.0
0,0,0,0,0,0,0,0,0,0,0,0,0,0,0,0,0,0,0,0,0,0,243,9,1.0,1.0,0.0,0.0,0.04,0.07,0.0,255,20,0.08,0.07,0.0,0.0,1.0,1.0,0.0,0.0
0,0,0,0,0,0,0,0,0,0,0,0,0,0,0,0,0,0,0,0,0,0,145,19,0.0,0.0,1.0,1.0,0.13,0.06,0.0,255,19,0.07,0.06,0.0,0.0,0.0,0.0,1.0,1.0
0,0,0,0,0,0,0,0,0,0,0,0,0,0,0,0,0,0,0,0,0,0,250,4,1.0,1.0,0.0,0.0,0.02,0.06,0.0,255,17,0.07,0.07,0.0,0.0,1.0,1.0,0.0,0.0
0,0,0,0,0,0,0,0,0,0,0,0,0,0,0,0,0,0,0,0,0,0,129,1,0.0,0.0,1.0,1.0,0.01,0.07,0.0,255,1,0.0,0.08,0.0,0.0,0.0,0.0,1.0,1.0
0,0,0,0,0,0,0,0,0,0,0,0,0,0,0,0,0,0,0,0,0,0,221,4,0.0,0.0,1.0,1.0,0.02,0.07,0.0,255,4,0.02,0.09,0.0,0.0,0.0,0.0,1.0,1.0
0,0,0,0,0,0,0,0,0,0,0,0,0,0,0,0,0,0,0,0,0,0,202,20,1.0,1.0,0.0,0.0,0.1,0.05,0.0,255,17,0.07,0.07,0.0,0.0,1.0,1.0,0.0,0.0
0,0,0,0,0,0,0,0,0,0,0,0,0,0,0,0,0,0,0,0,0,0,148,17,1.0,1.0,0.0,0.0,0.11,0.05,0.0,255,17,0.07,0.06,0.0,0.0,1.0,1.0,0.0,0.0
0,0,0,0,1032,0,0,0,0,0,0,0,0,0,0,0,0,0,0,0,0,0,511,511,0.0,0.0,0.0,0.0,1.0,0.0,0.0,255,81,0.32,0.02,0.32,0.0,0.02,0.0,0.0,0.0
0,0,0,0,520,0,0,0,0,0,0,0,0,0,0,0,0,0,0,0,0,0,444,444,0.0,0.0,0.0,0.0,1.0,0.0,0.0,186,186,1.0,0.0,1.0,0.0,0.0,0.0,0.0,0.0
0,0,0,0,0,0,0,0,0,0,0,0,0,0,0,0,0,0,0,0,0,0,227,15,1.0,1.0,0.0,0.0,0.07,0.05,0.0,255,15,0.06,0.06,0.0,0.0,1.0,1.0,0.0,0.0
0,0,0,0,0,0,0,0,0,0,0,0,0,0,0,0,0,0,0,0,0,0,120,9,1.0,1.0,0.0,0.0,0.08,0.06,0.0,255,9,0.04,0.06,0.0,0.0,1.0,1.0,0.0,0.0
0,0,0,0,0,0,0,0,0,0,0,0,0,0,0,0,0,0,0,0,0,0,287,7,1.0,1.0,0.0,0.0,0.02,0.06,0.0,255,3,0.01,0.07,0.0,0.0,1.0,1.0,0.0,0.0
0,0,0,0,0,0,0,0,0,0,0,0,0,0,0,0,0,0,0,0,0,0,104,1,0.0,0.0,1.0,1.0,0.01,0.08,0.0,29,1,0.03,0.17,0.03,0.0,0.0,0.0,1.0,1.0
0,0,0,0,0,0,0,0,0,0,0,0,0,0,0,0,0,0,0,0,0,0,243,17,1.0,1.0,0.0,0.0,0.07,0.06,0.0,255,16,0.06,0.07,0.0,0.0,1.0,1.0,0.0,0.0
0,0,0,0,1032,0,0,0,0,0,0,0,0,0,0,0,0,0,0,0,0,0,511,511,0.0,0.0,0.0,0.0,1.0,0.0,0.0,255,112,0.44,0.02,0.44,0.0,0.02,0.0,0.0,0.0
0,0,0,0,1032,0,0,0,0,0,0,0,0,0,0,0,0,0,0,0,0,0,401,401,0.0,0.0,0.0,0.0,1.0,0.0,0.0,255,255,1.0,0.0,1.0,0.0,0.0,0.0,0.0,0.0
0,0,0,0,0,0,0,0,0,0,0,0,0,0,0,0,0,0,0,0,0,0,247,9,0.0,0.0,1.0,1.0,0.04,0.07,0.0,255,9,0.04,0.07,0.0,0.0,0.0,0.0,1.0,1.0
0,0,0,0,0,0,0,0,0,0,0,0,0,0,0,0,0,0,0,0,0,0,246,20,1.0,1.0,0.0,0.0,0.08,0.07,0.0,255,20,0.08,0.07,0.0,0.0,1.0,1.0,0.0,0.0
0,0,0,0,0,0,0,0,0,0,0,0,0,0,0,0,0,0,0,0,0,0,113,18,0.0,0.0,1.0,1.0,0.16,0.07,0.0,255,18,0.07,0.05,0.0,0.0,0.0,0.0,1.0,1.0
0,0,0,0,0,0,0,0,0,0,0,0,0,0,0,0,0,0,0,0,0,0,203,16,1.0,1.0,0.0,0.0,0.08,0.06,0.0,255,16,0.06,0.07,0.0,0.0,1.0,1.0,0.0,0.0
0,0,0,0,0,0,0,0,0,0,0,0,0,0,0,0,0,0,0,0,0,0,109,14,0.0,0.0,1.0,1.0,0.13,0.06,0.0,255,12,0.05,0.07,0.0,0.0,0.0,0.0,1.0,1.0
0,0,0,0,1032,0,0,0,0,0,0,0,0,0,0,0,0,0,0,0,0,0,218,218,0.0,0.0,0.0,0.0,1.0,0.0,0.0,215,121,0.56,0.03,0.56,0.0,0.01,0.0,0.29,0.0
0,0,0,0,0,0,0,0,0,0,0,0,0,0,0,0,0,0,0,0,0,0,227,8,1.0,1.0,0.0,0.0,0.04,0.07,0.0,255,8,0.03,0.09,0.0,0.0,1.0,1.0,0.0,0.0
0,0,0,0,0,0,0,0,0,0,0,0,0,0,0,0,0,0,0,0,0,0,204,20,1.0,1.0,0.0,0.0,0.1,0.07,0.0,255,20,0.08,0.07,0.0,0.0,1.0,1.0,0.0,0.0
0,0,0,0,1032,0,0,0,0,0,0,0,0,0,0,0,0,0,0,0,0,0,511,511,0.0,0.0,0.0,0.0,1.0,0.0,0.0,255,214,0.84,0.02,0.84,0.0,0.0,0.0,0.02,0.0
0,0,0,0,0,0,0,0,0,0,0,0,0,0,0,0,0,0,0,0,0,0,247,17,1.0,1.0,0.0,0.0,0.07,0.06,0.0,255,17,0.07,0.07,0.0,0.0,1.0,1.0,0.0,0.0
0,0,0,0,0,0,0,0,0,0,0,0,0,0,0,0,0,0,0,0,0,0,122,3,1.0,1.0,0.0,0.0,0.02,0.07,0.0,255,5,0.02,0.06,0.0,0.0,1.0,1.0,0.0,0.0
0,0,0,0,0,0,0,0,0,0,0,0,0,0,0,0,0,0,0,0,0,0,282,15,1.0,1.0,0.0,0.0,0.05,0.06,0.0,255,16,0.06,0.07,0.0,0.0,1.0,1.0,0.0,0.0
0,0,0,0,0,0,0,0,0,0,0,0,0,0,0,0,0,0,0,0,0,0,300,20,1.0,1.0,0.0,0.0,0.07,0.05,0.0,255,20,0.08,0.06,0.0,0.0,1.0,1.0,0.0,0.0
0,0,0,0,0,0,0,0,0,0,0,0,0,0,0,0,0,0,0,0,0,0,37,20,1.0,0.95,0.0,0.05,0.51,0.05,0.1,197,59,0.3,0.02,0.01,0.0,1.0,1.0,0.0,0.0
0,0,0,0,0,0,0,0,0,0,0,0,0,0,0,0,0,0,0,0,0,0,148,10,0.0,0.0,1.0,1.0,0.07,0.08,0.0,255,10,0.04,0.08,0.0,0.0,0.0,0.0,1.0,1.0
0,0,0,0,0,0,0,0,0,0,0,0,0,0,0,0,0,0,0,0,0,0,203,3,1.0,1.0,0.0,0.0,0.01,0.06,0.0,255,18,0.07,0.07,0.0,0.0,1.0,1.0,0.0,0.0
0,0,0,0,0,0,0,0,0,0,0,0,0,0,0,0,0,0,0,0,0,0,235,8,0.0,0.0,1.0,1.0,0.03,0.07,0.0,255,8,0.03,0.07,0.0,0.0,0.0,0.0,1.0,1.0
0,0,0,0,0,0,0,0,0,0,0,0,0,0,0,0,0,0,0,0,0,0,219,15,1.0,1.0,0.0,0.0,0.07,0.07,0.0,255,15,0.06,0.07,0.0,0.0,1.0,1.0,0.0,0.0
0,0,0,0,0,0,0,0,0,0,0,0,0,0,0,0,0,0,0,0,0,0,114,8,1.0,1.0,0.0,0.0,0.07,0.07,0.0,255,8,0.03,0.07,0.0,0.0,1.0,1.0,0.0,0.0
0,0,0,0,0,0,0,0,0,0,0,0,0,0,0,0,0,0,0,0,0,0,104,25,1.0,1.0,0.0,0.0,0.24,0.06,0.0,255,25,0.1,0.05,0.0,0.0,1.0,1.0,0.0,0.0
0,0,0,0,0,0,0,0,0,0,0,0,0,0,0,0,0,0,0,0,0,0,112,11,1.0,1.0,0.0,0.0,0.1,0.06,0.0,255,2,0.01,0.07,0.0,0.0,1.0,1.0,0.0,0.0
0,0,0,0,0,0,0,0,0,0,0,0,0,0,0,0,0,0,0,0,0,0,200,12,1.0,1.0,0.0,0.0,0.06,0.05,0.0,255,1,0.0,0.07,0.0,0.0,1.0,1.0,0.0,0.0
0,0,0,0,0,0,0,0,0,0,0,0,0,0,0,0,0,0,0,0,0,0,175,5,1.0,1.0,0.0,0.0,0.03,0.06,0.0,255,7,0.03,0.06,0.0,0.0,1.0,1.0,0.0,0.0
0,0,0,0,0,0,0,0,0,0,0,0,0,0,0,0,0,0,0,0,0,0,279,10,0.0,0.0,1.0,1.0,0.04,0.06,0.0,255,10,0.04,0.06,0.0,0.0,0.0,0.0,1.0,1.0
0,0,0,0,0,0,0,0,0,0,0,0,0,0,0,0,0,0,0,0,0,0,281,19,1.0,1.0,0.0,0.0,0.07,0.06,0.0,255,15,0.06,0.07,0.0,0.0,1.0,1.0,0.0,0.0
0,0,0,0,0,0,0,0,0,0,0,0,0,0,0,0,0,0,0,0,0,0,247,6,1.0,1.0,0.0,0.0,0.02,0.05,0.0,255,6,0.02,0.05,0.0,0.0,1.0,1.0,0.0,0.0
0,0,0,0,0,0,0,0,0,0,0,0,0,0,0,0,0,0,0,0,0,0,226,3,1.0,1.0,0.0,0.0,0.01,0.08,0.0,255,3,0.01,0.07,0.0,0.0,1.0,1.0,0.0,0.0
0,0,0,0,0,0,0,0,0,0,0,0,0,0,0,0,0,0,0,0,0,0,287,17,1.0,1.0,0.0,0.0,0.06,0.06,0.0,255,10,0.04,0.09,0.0,0.0,1.0,1.0,0.0,0.0
0,0,0,0,0,0,0,0,0,0,0,0,0,0,0,0,0,0,0,0,0,0,213,1,1.0,1.0,0.0,0.0,0.0,0.07,0.0,255,1,0.0,0.07,0.0,0.0,1.0,1.0,0.0,0.0
0,0,0,0,0,0,0,0,0,0,0,0,0,0,0,0,0,0,0,0,0,0,160,7,1.0,1.0,0.0,0.0,0.04,0.09,0.0,255,7,0.03,0.08,0.0,0.0,1.0,1.0,0.0,0.0
0,0,0,0,28,0,0,3,0,0,0,0,0,0,0,0,0,0,0,0,0,0,57,56,0.0,0.0,0.02,0.0,0.98,0.04,0.0,255,56,0.22,0.02,0.22,0.0,0.0,0.0,0.59,0.0
0,0,0,0,0,0,0,0,0,0,0,0,0,0,0,0,0,0,0,0,0,0,143,20,1.0,1.0,0.0,0.0,0.14,0.06,0.0,255,9,0.04,0.06,0.0,0.0,1.0,1.0,0.0,0.0
0,0,0,0,0,0,0,0,0,0,0,0,0,0,0,0,0,0,0,0,0,0,81,17,1.0,1.0,0.0,0.0,0.21,0.06,0.0,255,4,0.02,0.07,0.0,0.0,1.0,1.0,0.0,0.0
0,0,0,0,0,0,0,0,0,0,0,0,0,0,0,0,0,0,0,0,0,0,263,1,1.0,1.0,0.0,0.0,0.0,0.06,0.0,255,20,0.08,0.07,0.0,0.0,1.0,1.0,0.0,0.0
0,0,0,0,0,0,0,0,0,0,0,0,0,0,0,0,0,0,0,0,0,0,201,15,1.0,1.0,0.0,0.0,0.07,0.05,0.0,255,15,0.06,0.05,0.0,0.0,1.0,1.0,0.0,0.0
0,0,0,0,1032,0,0,0,0,0,0,0,0,0,0,0,0,0,0,0,0,0,510,510,0.0,0.0,0.0,0.0,1.0,0.0,0.0,255,248,0.97,0.01,0.97,0.0,0.0,0.0,0.0,0.0
0,0,0,0,0,0,0,0,0,0,0,0,0,0,0,0,0,0,0,0,0,0,293,17,0.0,0.0,1.0,1.0,0.06,0.06,0.0,255,17,0.07,0.07,0.0,0.0,0.0,0.0,1.0,1.0
0,0,0,0,0,0,0,0,0,0,0,0,0,0,0,0,0,0,0,0,0,0,22,16,0.0,0.0,1.0,1.0,0.73,0.14,0.0,255,16,0.06,0.07,0.0,0.0,0.0,0.0,1.0,1.0
0,0,0,0,0,0,0,0,0,0,0,0,0,0,0,0,0,0,0,0,0,0,46,3,1.0,1.0,0.0,0.0,0.07,0.13,0.0,255,16,0.06,0.08,0.0,0.0,1.0,1.0,0.0,0.0
0,0,0,0,0,0,0,0,0,0,0,0,0,0,0,0,0,0,0,0,0,0,8,8,1.0,1.0,0.0,0.0,1.0,0.0,0.0,110,130,0.44,0.02,0.01,0.02,0.98,0.37,0.0,0.0
0,0,0,0,1032,0,0,0,0,0,0,0,0,0,0,0,0,0,0,0,0,0,423,423,0.0,0.0,0.0,0.0,1.0,0.0,0.0,255,255,1.0,0.0,1.0,0.0,0.0,0.0,0.0,0.0
0,0,0,0,0,0,0,0,0,0,0,0,0,0,0,0,0,0,0,0,0,0,134,7,0.0,0.0,1.0,1.0,0.05,0.06,0.0,255,2,0.01,0.06,0.0,0.0,0.0,0.0,1.0,1.0
